fips,diabetes,inactivity,obesity
00059,11.15,24.1,32.85
01001,12.35,26.5,39.65
01003,11.9,24.55,35.1
01005,18.05,35.35,46.95
01007,15.05,32.6,43.8
01009,12.55,28.4,36.05
01011,22.95,43.45,51.15
01013,17.05,36.1,40.55
01015,13.85,31.45,38.85
01017,16.2,33.4,41.55
01019,13.9,30.1,39.4
01021,13.05,30.55,39.9
01023,17.55,34.95,44.45
01025,16.65,33.45,44.05
01027,14.7,31.6,42.45
01029,13.15,29.6,37.25
01031,13.75,29.35,40.9
01033,13.55,27.75,37.45
01035,19.45,38.0,46.6
01037,16.05,32.05,41.75
01039,14.55,30.8,38.0
01041,15.0,31.75,40.4
01043,12.2,26.6,36.3
01045,14.75,31.15,41.4
01047,20.25,37.05,46.4
01049,14.5,33.2,38.6
01051,12.2,25.8,38.8
01053,17.05,34.9,43.9
01055,14.85,32.5,43.7
01057,14.85,31.65,40.6
01059,15.15,33.3,42.2
01061,14.7,31.05,42.25
01063,24.1,43.35,53.05
01065,18.0,35.2,47.7
01067,14.75,30.25,41.25
01069,14.4,28.35,40.5
01071,14.35,31.55,39.2
01073,14.3,27.7,37.5
01075,14.8,31.15,40.8
01077,11.95,26.25,36.15
01079,14.0,30.25,39.35
01081,12.6,25.35,39.15
01083,11.7,24.95,39.3
01085,21.75,40.35,51.25
01087,18.85,35.0,47.9
01089,11.5,22.45,40.0
01091,17.95,33.65,43.15
01093,13.9,31.15,42.45
01095,13.45,30.25,37.6
01097,15.1,30.2,39.0
01099,17.65,35.75,43.85
01101,15.6,30.25,46.2
01103,13.5,29.2,38.55
01105,22.55,41.2,53.45
01107,16.6,34.1,48.0
01109,14.35,28.65,41.8
01111,14.4,29.1,37.9
01113,16.3,32.75,42.85
01115,11.95,26.95,39.4
01117,10.4,20.3,31.65
01119,18.95,35.65,48.6
01121,15.7,31.85,45.5
01123,14.75,28.9,39.55
01125,12.2,26.35,42.1
01127,13.65,31.4,35.75
01129,15.15,30.9,41.05
01131,21.45,40.15,51.55
01133,14.6,32.95,39.05
02013,12.85,28.6,30.25
02016,11.1,25.4,31.2
02020,8.85,19.9,35.0
02050,14.25,33.85,39.25
02060,10.2,21.45,34.7
02063,8.8,20.55,30.9
02066,10.15,22.45,33.35
02068,8.15,20.65,30.6
02070,12.75,29.2,38.5
02090,8.1,21.5,35.55
02100,9.25,19.25,33.65
02105,12.6,25.45,36.75
02110,8.35,17.25,34.75
02122,8.85,20.9,32.15
02130,9.35,21.45,37.55
02150,9.55,22.75,31.45
02158,17.25,37.75,46.75
02164,13.6,29.05,39.0
02170,8.65,22.6,37.25
02180,13.35,29.8,38.7
02185,10.9,23.85,41.75
02188,14.35,30.5,40.75
02195,9.5,21.0,30.8
02198,12.5,25.8,38.05
02220,9.15,18.8,29.75
02230,8.45,20.35,35.6
02240,9.6,25.45,35.35
02275,11.0,23.45,34.9
02282,12.15,26.1,35.0
02290,15.2,28.85,36.75
04001,16.4,28.25,35.9
04003,12.15,25.1,31.5
04005,9.55,16.4,24.45
04007,12.75,26.05,31.8
04009,11.15,25.55,36.15
04011,10.35,23.25,33.05
04012,14.5,30.1,34.65
04013,10.1,20.2,30.5
04015,11.95,28.15,33.0
04017,13.7,25.8,37.75
04019,10.25,21.95,31.65
04021,11.9,24.95,38.55
04023,14.35,30.85,34.5
04025,10.05,21.2,27.3
04027,13.7,28.1,38.2
05001,13.65,34.65,39.05
05003,16.25,40.65,45.15
05005,12.65,31.6,37.95
05007,10.05,25.55,35.2
05009,11.75,29.85,40.75
05011,15.95,39.45,42.55
05013,12.95,32.65,39.15
05015,13.2,35.65,37.65
05017,18.3,41.0,47.25
05019,12.9,32.6,41.6
05021,12.6,34.65,40.2
05023,12.9,32.95,37.95
05025,13.3,33.5,42.3
05027,13.95,34.55,38.8
05029,14.0,35.5,41.25
05031,11.4,30.95,39.35
05033,11.95,30.55,38.75
05035,15.65,38.35,46.75
05037,14.75,37.75,44.9
05039,14.9,36.4,42.0
05041,19.15,45.25,46.6
05043,14.35,35.45,44.4
05045,10.85,26.85,40.45
05047,13.15,34.5,39.8
05049,14.75,36.15,39.65
05051,12.95,29.5,39.2
05053,10.9,28.8,36.75
05055,11.75,34.45,42.3
05057,15.1,38.85,45.7
05059,12.75,33.6,37.0
05061,13.85,35.2,39.55
05063,12.4,34.7,41.8
05065,13.95,35.85,41.3
05067,14.55,39.0,43.9
05069,16.35,37.55,46.1
05071,13.5,36.25,37.45
05073,17.95,41.95,46.15
05075,13.2,35.55,43.9
05077,18.4,42.05,46.95
05079,13.65,36.15,42.7
05081,14.05,35.75,41.3
05083,12.85,32.75,37.9
05085,10.7,30.65,35.9
05087,12.6,34.3,40.7
05089,13.75,33.05,37.85
05091,14.2,37.25,38.05
05093,14.3,36.25,46.65
05095,16.7,38.2,43.6
05097,13.9,34.3,41.0
05099,16.25,39.55,44.05
05101,13.1,32.65,38.65
05103,15.8,36.9,43.45
05105,12.45,33.1,38.75
05107,19.45,43.0,48.5
05109,12.9,33.4,38.25
05111,13.35,37.9,41.35
05113,13.65,34.65,40.1
05115,12.05,33.45,44.95
05117,13.2,33.5,40.4
05119,12.2,28.75,40.55
05121,13.45,37.0,41.4
05123,17.75,41.85,48.05
05125,10.4,28.45,34.45
05127,13.25,35.65,37.1
05129,15.05,36.95,39.8
05131,12.3,32.9,36.3
05133,14.45,40.3,41.45
05135,13.95,36.2,39.45
05137,14.5,36.15,39.95
05139,14.5,35.35,39.4
05141,13.85,35.4,39.55
05143,10.4,27.95,36.05
05145,11.75,32.05,39.85
05147,16.0,39.2,39.25
05149,13.45,34.75,41.95
06001,10.55,20.35,22.65
06003,10.05,18.7,28.55
06005,10.2,21.6,29.55
06007,10.3,22.75,29.95
06009,11.15,23.5,29.8
06011,12.8,30.05,35.15
06013,10.45,23.2,27.9
06015,11.35,24.9,30.95
06017,9.4,18.7,27.55
06019,12.55,30.95,37.8
06021,11.85,27.65,32.25
06023,10.7,23.45,31.7
06025,14.8,35.15,34.95
06027,10.9,22.0,28.35
06029,13.3,32.0,36.1
06031,12.5,30.7,34.8
06033,12.4,26.85,32.75
06035,11.05,25.85,34.25
06037,12.1,25.95,26.45
06039,13.15,31.65,36.6
06041,8.85,17.4,21.3
06043,11.45,23.3,30.7
06045,12.05,25.1,29.4
06047,13.15,33.45,34.05
06049,12.6,26.05,32.1
06051,9.7,21.15,31.05
06053,12.05,26.85,31.25
06055,10.35,22.85,28.05
06057,9.75,19.3,27.55
06059,10.8,23.75,23.9
06061,8.85,18.5,27.25
06063,11.25,22.6,30.0
06065,11.85,27.1,36.9
06067,10.75,21.3,29.55
06069,10.9,25.15,31.4
06071,11.95,26.35,33.3
06073,9.7,20.5,25.35
06075,9.75,18.85,17.15
06077,12.0,26.0,30.65
06079,9.3,19.85,26.85
06081,9.8,19.75,22.15
06083,10.55,24.15,26.85
06085,10.15,22.0,21.9
06087,9.6,20.55,26.3
06089,10.55,21.5,29.3
06091,12.7,25.65,32.45
06093,11.9,24.6,31.9
06095,11.3,24.7,31.25
06097,9.65,20.6,26.1
06099,11.55,30.2,36.5
06101,12.1,27.3,29.6
06103,11.8,26.7,31.7
06105,13.3,26.8,33.25
06107,13.1,32.75,35.15
06109,10.5,21.95,29.1
06111,10.65,23.2,25.7
06113,9.7,23.0,26.8
06115,11.15,26.05,30.85
08001,9.8,22.95,33.1
08003,11.25,24.15,31.2
08005,8.25,17.85,26.0
08007,9.85,18.7,27.4
08009,11.7,24.85,30.1
08011,13.9,29.4,33.85
08013,6.9,12.15,17.05
08014,6.8,13.3,22.2
08015,9.0,17.3,25.55
08017,10.0,20.45,28.75
08019,7.9,14.55,23.55
08021,12.4,25.25,30.4
08023,14.55,27.5,31.65
08025,11.15,25.25,31.6
08027,10.1,18.3,26.45
08029,10.6,21.85,26.8
08031,7.45,17.25,21.6
08033,10.15,20.25,27.2
08035,6.4,13.5,24.95
08037,8.0,16.1,23.95
08039,7.9,15.7,24.45
08041,8.55,18.85,28.4
08043,10.35,22.25,30.5
08045,8.5,18.45,23.9
08047,8.45,15.6,24.8
08049,8.15,16.2,24.05
08051,7.1,14.45,24.25
08053,8.2,13.95,23.7
08055,11.65,22.4,27.7
08057,11.85,24.1,29.75
08059,7.75,13.05,23.0
08061,10.05,20.45,27.35
08063,10.25,22.2,29.55
08065,8.1,16.95,23.8
08067,8.4,15.7,20.85
08069,7.1,13.9,23.95
08071,12.05,25.05,32.7
08073,10.1,22.85,29.85
08075,10.5,23.1,30.0
08077,8.95,19.5,29.95
08079,8.9,15.75,25.4
08081,10.0,21.7,28.4
08083,10.35,21.2,28.45
08085,10.0,20.7,27.6
08087,10.4,23.0,32.2
08089,13.1,26.9,34.85
08091,8.3,14.4,23.05
08093,8.7,15.3,23.0
08095,10.75,23.25,29.15
08097,7.45,13.15,20.5
08099,11.7,25.95,29.5
08101,11.35,26.25,32.2
08103,8.8,18.45,26.7
08105,10.9,22.55,27.8
08107,7.55,14.9,23.35
08109,12.9,24.8,28.95
08111,9.0,16.65,26.1
08113,7.9,14.55,25.8
08115,11.0,21.8,28.25
08117,7.55,15.15,24.05
08119,8.65,16.2,23.75
08121,9.35,19.4,26.5
08123,9.4,20.6,33.7
08125,10.05,22.2,28.55
09110,10.1,24.3,32.15
09120,9.75,27.45,28.25
09130,8.35,20.75,29.4
09140,9.7,26.05,31.6
09150,9.15,24.85,32.85
09160,8.95,22.65,28.7
09170,9.8,26.25,33.65
09180,9.4,26.1,32.8
09190,7.95,21.75,25.15
10001,13.35,31.15,43.7
10003,11.45,25.15,33.4
10005,12.0,26.55,34.0
11001,8.15,15.1,24.9
12001,10.85,21.5,32.15
12003,11.65,27.35,35.2
12005,10.95,24.75,33.3
12007,13.4,31.35,34.95
12009,11.55,22.85,34.1
12011,12.45,25.8,30.5
12013,14.0,31.9,39.95
12015,12.7,23.45,31.1
12017,13.0,26.9,32.6
12019,11.25,24.9,34.7
12021,11.6,23.25,27.3
12023,13.75,30.75,39.7
12027,16.15,37.75,41.4
12029,14.2,31.2,34.75
12031,12.3,26.9,34.3
12033,12.1,25.8,36.1
12035,11.5,23.1,30.75
12037,13.25,28.1,32.35
12039,17.4,30.65,44.55
12041,11.5,26.6,34.6
12043,16.05,35.05,37.5
12045,12.5,26.5,35.2
12047,16.15,32.25,41.75
12049,15.0,33.65,40.25
12051,16.45,38.0,37.65
12053,13.05,26.55,36.25
12055,15.45,31.5,37.55
12057,12.0,23.75,31.55
12059,13.2,28.65,36.4
12061,11.9,23.45,27.05
12063,14.35,30.9,38.8
12065,14.25,27.15,35.0
12067,13.7,31.1,34.95
12069,12.7,25.0,35.55
12071,12.65,25.5,30.8
12073,10.95,23.1,34.35
12075,14.0,29.2,33.8
12077,13.65,31.4,44.35
12079,15.05,31.5,37.95
12081,12.05,24.2,32.4
12083,12.9,25.4,36.75
12085,11.5,22.1,27.45
12086,14.35,31.85,29.4
12087,11.45,22.8,25.65
12089,10.1,19.35,33.55
12091,10.2,22.55,30.75
12093,14.2,31.2,44.0
12095,11.6,24.55,33.5
12097,13.05,28.1,39.6
12099,12.15,24.6,26.95
12101,11.55,25.65,31.8
12103,11.45,22.85,31.6
12105,12.7,28.35,40.4
12107,15.45,32.6,33.2
12109,9.4,17.8,28.95
12111,12.85,26.1,31.7
12113,10.1,20.1,31.9
12115,10.7,21.75,29.75
12117,10.4,20.85,29.4
12119,12.55,22.75,30.75
12121,13.45,31.35,38.45
12123,14.35,31.45,40.85
12125,13.7,30.2,41.55
12127,11.9,24.6,32.95
12129,11.7,26.7,38.55
12131,11.0,21.3,29.85
12133,13.85,31.55,39.95
13001,16.0,34.4,40.65
13003,17.25,39.65,43.95
13005,13.95,32.15,36.9
13007,19.9,37.35,43.3
13009,14.9,29.95,39.8
13011,12.65,28.6,34.35
13013,11.9,27.9,35.05
13015,11.4,25.9,38.55
13017,17.55,37.1,41.5
13019,14.75,33.3,38.05
13021,16.05,31.85,44.85
13023,13.75,29.3,38.0
13025,13.15,31.85,38.85
13027,17.85,35.55,40.2
13029,9.9,21.2,33.15
13031,12.2,26.55,40.3
13033,16.75,34.05,39.95
13035,13.2,30.7,38.2
13037,17.8,36.6,43.6
13039,12.0,27.1,37.55
13043,15.2,32.8,42.25
13045,12.5,28.1,34.45
13047,11.4,24.65,34.0
13049,15.75,34.1,41.45
13051,12.6,25.0,33.2
13053,10.85,27.25,38.2
13055,14.75,34.35,35.15
13057,10.25,23.35,33.3
13059,12.1,26.2,31.95
13061,18.8,35.9,41.75
13063,16.15,32.7,45.0
13065,16.05,35.0,41.8
13067,10.5,21.45,29.75
13069,15.55,34.8,39.35
13071,15.75,34.6,35.75
13073,11.3,24.0,32.95
13075,15.45,32.05,37.6
13077,11.6,24.5,35.45
13079,13.8,29.5,37.1
13081,17.7,36.1,44.75
13083,11.4,25.7,35.15
13085,10.6,22.95,31.55
13087,16.55,34.05,42.3
13089,12.65,22.4,31.65
13091,15.3,32.95,40.4
13093,16.75,33.6,41.05
13095,18.05,33.75,42.3
13097,13.15,26.95,36.1
13099,17.15,35.25,40.9
13101,12.95,30.35,38.05
13103,10.95,24.35,37.55
13105,14.95,31.75,38.25
13107,15.55,35.5,42.75
13109,15.8,34.75,42.5
13111,13.8,28.45,38.2
13113,11.3,20.55,30.65
13115,13.35,28.35,37.5
13117,9.35,19.9,27.25
13119,13.55,30.25,39.2
13121,10.8,20.05,28.15
13123,13.0,27.55,34.15
13125,13.15,29.75,37.4
13127,13.65,27.3,35.3
13129,13.05,31.15,35.15
13131,15.6,35.05,38.5
13133,13.25,25.55,34.1
13135,12.3,27.3,34.7
13137,12.0,27.45,32.45
13139,12.5,27.95,32.4
13141,20.55,38.85,44.95
13143,11.8,26.45,36.0
13145,11.25,22.05,32.7
13147,13.6,28.4,35.15
13149,13.1,29.95,35.45
13151,12.9,25.1,44.95
13153,12.65,24.7,39.6
13155,14.85,32.65,40.35
13157,11.0,25.3,32.75
13159,13.35,29.7,36.85
13161,15.4,35.25,40.4
13163,17.0,36.0,41.3
13165,17.25,37.0,42.55
13167,16.65,34.9,43.5
13169,13.2,29.3,39.6
13171,12.85,28.3,36.85
13173,15.25,33.45,40.9
13175,15.15,33.55,44.05
13177,11.25,23.2,38.9
13179,12.75,28.85,33.1
13181,15.7,31.65,38.0
13183,12.7,30.0,38.15
13185,13.15,29.5,39.45
13187,11.15,25.0,29.95
13189,15.25,31.55,39.0
13191,17.45,35.2,40.8
13193,19.8,40.8,43.85
13195,13.55,31.15,37.95
13197,16.5,33.35,38.55
13199,15.8,33.85,41.35
13201,15.85,33.2,42.1
13205,17.0,34.2,45.1
13207,12.0,25.3,34.8
13209,14.45,31.1,39.7
13211,11.5,24.05,31.65
13213,12.45,28.75,41.35
13215,14.55,29.6,40.35
13217,13.85,30.15,42.35
13219,9.2,17.8,28.65
13221,12.75,27.55,36.2
13223,11.25,22.9,38.05
13225,14.15,29.15,39.85
13227,11.95,25.6,34.85
13229,13.2,30.0,36.25
13231,11.05,24.9,35.75
13233,13.3,31.0,40.35
13235,15.3,33.35,40.95
13237,14.9,29.5,39.5
13239,19.8,37.25,42.8
13241,13.2,27.55,34.25
13243,21.9,41.05,46.05
13245,16.3,30.5,36.9
13247,15.85,29.8,38.95
13249,13.6,28.55,37.3
13251,15.95,32.15,39.85
13253,15.7,32.0,39.7
13255,14.8,30.65,39.8
13257,13.5,30.0,38.65
13259,18.15,39.2,41.8
13261,15.9,32.7,40.2
13263,19.05,36.1,43.2
13265,18.7,35.8,41.75
13267,15.5,34.65,40.75
13269,18.1,37.15,42.45
13271,19.05,39.8,42.95
13273,19.25,38.8,43.85
13275,14.55,28.3,39.25
13277,15.05,32.7,39.55
13279,14.55,32.45,40.75
13281,13.1,25.7,32.45
13283,17.2,37.35,41.4
13285,14.15,31.6,35.95
13287,17.05,37.0,44.65
13289,16.15,32.5,39.6
13291,12.95,26.65,34.65
13293,14.9,32.05,39.15
13295,12.3,29.15,37.9
13297,12.15,27.5,38.2
13299,15.75,36.1,41.4
13301,17.85,35.75,43.65
13303,17.3,34.2,43.05
13305,14.95,33.05,43.15
13307,18.25,34.9,42.35
13309,15.55,35.25,41.45
13311,11.65,25.4,35.1
13313,13.55,31.65,38.0
13315,16.3,34.25,42.8
13317,16.65,34.15,40.75
13319,15.9,33.05,41.05
13321,15.25,32.95,38.85
15001,11.05,21.5,27.35
15003,11.45,23.05,25.65
15005,17.5,26.15,35.75
15007,10.65,20.35,24.0
15009,10.9,19.8,26.2
16001,8.5,18.15,28.95
16003,11.6,26.55,34.05
16005,9.4,21.75,33.2
16007,10.3,23.85,31.1
16009,11.75,28.4,36.15
16011,10.65,24.2,39.1
16013,8.95,19.5,23.1
16015,10.15,21.45,31.6
16017,10.1,22.2,32.0
16019,9.15,21.3,33.4
16021,11.0,24.95,33.25
16023,13.15,28.6,35.6
16025,10.1,22.3,29.5
16027,10.85,25.0,35.4
16029,9.6,23.4,34.8
16031,10.6,26.55,37.7
16033,12.65,29.65,36.35
16035,11.15,24.0,31.8
16037,11.2,22.85,31.45
16039,10.3,24.5,34.65
16041,8.95,22.35,35.8
16043,9.75,23.1,32.7
16045,10.1,23.6,32.95
16047,12.0,29.2,34.3
16049,10.8,23.7,31.95
16051,8.9,21.4,33.05
16053,12.15,30.0,35.8
16055,8.95,19.0,31.6
16057,8.1,18.5,30.3
16059,10.65,24.75,30.5
16061,12.8,28.2,35.35
16063,10.95,27.7,34.2
16065,7.8,22.2,30.1
16067,11.65,28.6,36.55
16069,9.8,24.45,37.9
16071,9.45,21.8,32.05
16073,12.25,30.05,33.45
16075,10.7,26.05,31.45
16077,11.35,27.75,37.75
16079,11.85,27.1,36.0
16081,8.6,18.75,31.4
16083,10.45,27.45,33.4
16085,11.15,23.75,33.65
16087,12.6,28.0,33.6
17001,10.8,23.35,38.0
17003,16.4,31.85,45.3
17005,10.95,23.95,39.4
17007,11.3,25.15,36.85
17009,11.55,26.35,41.55
17011,11.65,24.8,38.25
17013,10.2,20.8,35.2
17015,11.8,24.85,39.05
17017,12.3,27.2,40.65
17019,10.1,20.7,32.55
17021,11.2,24.75,38.1
17023,10.7,22.45,37.2
17025,12.4,26.8,41.5
17027,10.3,21.6,40.1
17029,10.9,24.1,38.55
17031,11.25,23.05,31.0
17033,11.0,23.6,40.05
17035,10.55,22.45,38.6
17037,10.45,22.9,36.1
17039,10.9,23.35,38.05
17041,10.75,24.15,38.65
17043,9.25,18.6,29.15
17045,11.9,25.65,37.5
17047,12.4,26.15,40.3
17049,10.25,22.15,34.25
17051,11.85,26.15,39.95
17053,11.2,24.85,37.75
17055,12.4,26.7,41.5
17057,11.7,25.0,39.85
17059,12.55,26.8,40.85
17061,11.7,25.75,40.05
17063,9.7,22.0,36.25
17065,12.3,25.8,40.05
17067,11.45,24.05,38.85
17069,12.6,26.1,39.65
17071,11.95,24.35,38.65
17073,10.55,22.75,36.85
17075,12.25,26.0,40.7
17077,11.7,24.8,41.3
17079,10.55,22.25,38.1
17081,11.8,24.5,39.8
17083,10.45,22.45,39.1
17085,11.1,22.4,36.25
17087,12.1,25.9,41.65
17089,10.8,22.8,35.0
17091,12.15,24.6,40.0
17093,9.25,19.45,39.35
17095,12.2,26.7,39.55
17097,10.5,19.65,32.9
17099,11.2,24.25,37.85
17101,12.0,26.5,40.85
17103,11.5,24.8,38.85
17105,11.05,24.65,35.95
17107,10.75,23.85,38.7
17109,11.1,23.5,37.75
17111,9.65,20.5,31.9
17113,9.5,19.65,35.25
17115,12.05,25.15,42.35
17117,11.35,24.05,36.9
17119,10.35,21.6,38.75
17121,11.95,26.15,39.5
17123,11.35,24.0,38.6
17125,11.65,24.6,37.25
17127,12.45,25.75,40.8
17129,10.35,21.7,37.65
17131,11.0,23.5,38.55
17133,8.95,17.9,35.2
17135,11.35,24.75,39.15
17137,11.45,24.2,40.1
17139,10.55,23.95,38.4
17141,10.95,23.25,40.9
17143,11.75,23.05,34.95
17145,12.2,26.5,40.9
17147,9.65,20.0,35.0
17149,11.85,26.1,40.65
17151,12.35,24.5,39.6
17153,16.45,31.9,45.65
17155,10.5,21.7,36.1
17157,11.7,25.4,38.95
17159,11.2,23.95,39.45
17161,11.95,24.35,39.85
17163,12.15,24.5,38.7
17165,12.05,25.35,40.2
17167,10.85,21.6,39.6
17169,12.7,26.15,40.3
17171,10.85,23.25,38.35
17173,11.3,23.7,37.6
17175,11.2,23.9,38.25
17177,12.15,25.7,40.8
17179,10.15,21.7,36.25
17181,12.5,27.0,39.8
17183,13.05,28.25,43.95
17185,11.85,24.75,40.0
17187,11.3,24.5,37.45
17189,10.35,21.5,36.75
17191,12.05,26.35,39.95
17193,12.8,27.55,39.25
17195,11.6,24.55,36.3
17197,10.1,23.75,37.85
17199,11.2,23.55,40.0
17201,12.8,26.45,42.1
17203,9.6,19.95,37.3
18001,13.1,27.65,41.9
18003,12.35,22.65,39.45
18005,11.7,23.65,38.9
18007,13.05,27.45,42.4
18009,14.55,29.8,44.25
18011,9.9,18.6,32.65
18013,12.5,24.0,35.85
18015,12.4,26.5,41.5
18017,14.0,30.5,47.35
18019,11.7,24.4,43.7
18021,12.85,26.85,43.1
18023,12.55,27.7,40.3
18025,15.65,32.05,43.3
18027,12.9,29.85,41.55
18029,11.15,23.25,35.6
18031,11.4,25.85,37.55
18033,11.8,25.15,43.6
18035,13.2,25.45,37.75
18037,11.95,24.35,39.95
18039,12.9,26.2,43.95
18041,13.85,28.75,44.85
18043,11.55,24.4,37.5
18045,12.65,27.3,42.5
18047,12.2,25.15,40.65
18049,13.05,27.8,41.7
18051,11.9,25.2,39.4
18053,14.1,28.7,41.65
18055,13.15,27.5,40.55
18057,9.1,15.9,32.2
18059,10.4,20.25,39.7
18061,11.5,23.8,42.45
18063,10.5,19.55,36.2
18065,12.35,28.35,43.65
18067,13.1,27.1,36.65
18069,12.2,24.6,39.95
18071,12.6,26.4,39.5
18073,11.5,24.65,40.1
18075,13.6,29.8,43.6
18077,12.3,24.75,36.7
18079,13.1,27.45,41.0
18081,11.3,22.2,38.7
18083,12.3,24.95,37.25
18085,11.95,26.7,38.8
18087,11.75,28.85,39.8
18089,14.0,27.4,39.9
18091,13.75,27.45,37.05
18093,12.45,25.95,41.9
18095,12.9,28.5,36.35
18097,12.9,24.35,38.35
18099,12.75,28.1,43.3
18101,13.05,26.6,39.1
18103,13.55,27.8,44.25
18105,10.45,21.25,34.1
18107,12.35,27.85,39.35
18109,12.15,23.75,37.55
18111,12.9,27.4,43.4
18113,12.15,26.4,39.55
18115,12.4,25.05,39.35
18117,13.1,27.85,39.6
18119,12.8,26.55,41.45
18121,13.8,30.15,42.35
18123,12.25,25.15,37.55
18125,12.85,26.7,37.8
18127,11.55,25.0,39.85
18129,11.45,22.15,40.2
18131,12.95,27.6,38.7
18133,11.75,24.45,38.75
18135,12.95,28.1,38.7
18137,11.35,24.3,36.15
18139,12.9,26.85,39.05
18141,12.3,26.3,35.65
18143,12.95,29.25,42.05
18145,12.6,25.5,41.1
18147,11.9,23.2,39.7
18149,13.4,28.4,42.25
18151,12.05,24.0,35.1
18153,13.05,27.8,43.5
18155,13.3,28.85,40.15
18157,10.8,21.75,29.35
18159,11.95,23.75,36.5
18161,11.55,23.35,37.5
18163,12.0,25.8,38.4
18165,12.9,26.8,40.5
18167,13.25,25.65,41.8
18169,12.3,25.75,38.25
18171,12.5,25.7,41.5
18173,10.55,20.55,33.9
18175,13.3,27.85,41.25
18177,13.4,28.0,38.05
18179,11.55,24.9,41.9
18181,13.0,27.0,44.65
18183,11.4,23.35,39.55
19001,11.5,27.05,40.0
19003,11.35,26.25,39.15
19005,11.45,26.35,42.4
19007,13.45,30.25,43.45
19009,11.7,26.55,37.7
19011,9.85,23.0,40.7
19013,11.2,23.55,41.2
19015,10.05,24.05,43.15
19017,9.15,21.9,38.1
19019,10.0,23.3,37.5
19021,12.35,29.9,38.5
19023,11.05,26.85,39.3
19025,10.95,25.5,40.05
19027,10.65,26.2,39.85
19029,12.2,27.45,40.85
19031,10.55,24.55,40.65
19033,11.0,25.95,40.3
19035,11.95,28.7,40.8
19037,11.05,26.4,39.5
19039,12.9,31.05,43.15
19041,10.9,25.6,35.35
19043,12.0,29.3,41.1
19045,11.35,26.6,39.3
19047,13.25,32.0,42.85
19049,8.65,19.3,32.6
19051,10.85,27.6,37.65
19053,11.5,27.2,40.65
19055,11.0,26.85,39.75
19057,11.05,27.35,34.7
19059,10.3,22.85,37.4
19061,9.6,22.3,34.6
19063,11.35,27.05,42.85
19065,11.6,28.4,38.75
19067,11.35,26.45,39.9
19069,12.5,29.15,40.8
19071,11.0,24.55,39.95
19073,11.45,27.0,35.9
19075,9.85,23.0,37.5
19077,10.75,25.0,37.2
19079,10.8,24.7,36.55
19081,11.1,27.6,42.35
19083,11.4,26.25,39.05
19085,11.1,24.9,35.1
19087,11.35,25.6,38.95
19089,11.05,25.55,38.1
19091,11.7,26.5,41.5
19093,11.0,26.75,41.2
19095,10.4,23.95,43.25
19097,11.15,26.05,40.25
19099,10.8,24.85,38.3
19101,11.65,25.0,39.65
19103,9.25,18.65,31.6
19105,10.65,24.9,39.65
19107,11.9,27.7,41.45
19109,11.4,25.6,38.55
19111,11.45,27.1,37.55
19113,10.45,22.2,35.5
19115,11.45,28.05,40.1
19117,12.25,28.0,39.8
19119,10.8,26.75,42.4
19121,9.5,22.2,36.9
19123,10.7,27.75,38.8
19125,9.6,22.0,39.7
19127,11.75,27.9,44.25
19129,10.05,22.2,39.0
19131,10.75,25.35,40.25
19133,11.5,27.15,42.45
19135,10.4,24.6,38.15
19137,11.4,27.3,39.6
19139,11.3,28.7,41.4
19141,11.2,27.05,39.05
19143,12.3,28.95,39.8
19145,12.1,28.25,42.85
19147,10.75,24.85,40.3
19149,10.1,23.85,39.4
19151,11.55,27.05,36.45
19153,9.85,23.6,36.95
19155,10.7,26.8,39.15
19157,10.45,25.25,41.35
19159,10.65,24.75,42.85
19161,10.85,25.2,41.45
19163,10.2,23.65,40.6
19165,10.9,25.55,37.95
19167,9.35,23.15,33.75
19169,8.95,21.15,32.9
19171,12.15,28.7,40.3
19173,11.45,27.4,39.85
19175,10.95,26.35,37.4
19177,12.2,28.45,39.5
19179,12.5,30.15,41.8
19181,9.05,21.4,38.7
19183,10.8,25.4,38.7
19185,11.55,28.15,40.9
19187,10.95,27.1,41.7
19189,10.45,24.1,38.85
19191,9.6,22.15,35.4
19193,11.55,28.65,39.3
19195,10.9,25.0,40.45
19197,12.4,27.9,41.0
20001,11.3,28.5,37.7
20003,11.65,28.95,40.2
20005,10.6,27.55,37.9
20007,11.9,28.3,38.6
20009,12.1,29.45,39.0
20011,11.55,30.2,37.0
20013,11.9,28.25,39.6
20015,10.0,22.85,38.9
20017,12.35,28.7,38.5
20019,13.25,31.95,40.65
20021,12.0,29.7,43.75
20023,12.95,32.15,38.25
20025,10.8,26.05,37.0
20027,11.25,27.0,39.7
20029,11.15,28.2,41.75
20031,11.2,26.5,36.9
20033,11.5,27.8,39.5
20035,11.85,27.9,41.2
20037,11.0,27.7,37.8
20039,11.4,26.2,36.95
20041,10.6,27.35,39.45
20043,10.45,26.3,37.75
20045,8.8,19.4,31.8
20047,12.7,31.3,40.05
20049,13.4,33.45,40.5
20051,9.75,23.95,37.7
20053,10.65,26.65,39.5
20055,13.0,33.1,37.5
20057,13.0,34.1,39.35
20059,10.55,26.75,40.3
20061,10.75,30.75,35.3
20063,10.75,27.1,37.55
20065,12.25,28.45,37.0
20067,11.2,29.05,35.55
20069,10.5,28.8,39.7
20071,10.5,25.75,36.85
20073,12.3,28.5,40.7
20075,11.2,29.8,40.1
20077,13.1,31.95,42.0
20079,11.1,27.45,36.85
20081,12.35,32.5,42.1
20083,10.15,24.35,36.45
20085,11.0,26.35,37.75
20087,10.0,24.4,34.55
20089,13.25,30.75,39.45
20091,8.85,19.0,31.05
20093,12.05,31.65,37.75
20095,10.8,27.1,39.55
20097,10.55,25.75,39.6
20099,12.05,31.25,41.35
20101,11.35,27.25,36.8
20103,10.2,22.85,39.65
20105,12.2,28.55,40.35
20107,10.85,26.65,37.05
20109,11.25,28.5,39.95
20111,11.35,29.45,38.85
20113,9.65,25.9,37.5
20115,10.85,27.0,39.2
20117,11.4,27.95,37.45
20119,11.4,29.9,36.9
20121,9.8,23.25,34.85
20123,11.3,27.4,39.15
20125,12.45,28.6,39.1
20127,11.55,28.55,36.8
20129,12.55,31.75,38.15
20131,10.2,25.3,39.0
20133,11.85,27.85,39.7
20135,11.55,28.6,35.65
20137,11.75,29.35,42.8
20139,11.05,27.3,41.65
20141,12.0,28.4,39.0
20143,10.8,26.0,38.3
20145,11.35,27.9,38.1
20147,11.75,28.6,40.7
20149,9.1,23.45,35.8
20151,11.0,27.8,37.05
20153,12.55,29.3,42.15
20155,12.05,29.15,44.25
20157,12.3,29.1,41.4
20159,10.95,27.95,40.05
20161,8.8,23.6,28.65
20163,10.75,27.35,40.6
20165,11.95,29.3,38.75
20167,12.05,29.65,41.65
20169,11.1,28.15,41.3
20171,10.45,25.8,38.35
20173,11.45,26.05,38.75
20175,13.5,37.8,43.05
20177,11.4,25.15,38.4
20179,10.35,25.25,34.4
20181,11.2,29.55,38.75
20183,11.25,28.0,39.3
20185,11.6,28.4,41.25
20187,13.6,34.75,39.85
20189,13.85,36.1,41.5
20191,11.15,26.55,39.85
20193,9.6,24.65,35.75
20195,10.5,25.35,40.4
20197,10.2,24.8,35.2
20199,11.95,28.6,36.95
20201,10.4,27.25,34.2
20203,12.95,32.95,41.95
20205,12.1,29.05,39.85
20207,11.7,27.95,39.55
20209,14.2,34.65,40.7
22001,15.4,35.55,41.75
22003,14.8,34.65,44.05
22005,11.7,25.9,35.25
22007,15.05,34.3,38.35
22009,16.45,37.25,43.1
22011,12.6,29.25,40.6
22013,19.8,41.2,47.55
22015,12.65,29.6,40.9
22017,15.85,32.5,42.25
22019,13.35,32.45,42.95
22021,15.45,35.0,38.7
22023,11.95,27.25,36.35
22025,16.35,36.3,41.7
22027,20.8,42.55,48.7
22029,18.3,38.4,45.75
22031,16.2,33.55,44.3
22033,13.75,24.75,35.95
22035,21.65,44.2,51.45
22037,14.65,32.9,42.05
22039,15.9,36.2,44.8
22041,16.75,36.85,42.1
22043,13.2,31.0,39.75
22045,15.9,34.7,42.45
22047,15.45,33.75,42.95
22049,16.05,36.05,45.0
22051,14.9,29.65,41.55
22053,13.7,32.8,42.6
22055,12.45,24.15,34.4
22057,13.7,32.2,47.2
22059,12.75,30.1,38.75
22061,14.3,31.6,44.45
22063,12.2,27.1,38.75
22065,21.1,43.15,50.0
22067,18.55,37.9,44.85
22069,15.15,32.25,41.25
22071,15.3,26.45,34.3
22073,14.65,32.6,44.0
22075,13.1,29.15,38.55
22077,15.2,33.1,39.95
22079,14.5,30.85,40.7
22081,17.95,38.95,43.9
22083,16.35,35.35,43.1
22085,16.1,35.3,44.8
22087,14.8,33.4,42.5
22089,12.25,27.2,37.45
22091,18.0,38.25,42.8
22093,14.95,31.55,43.7
22095,16.05,31.3,41.65
22097,16.95,35.75,40.45
22099,14.3,32.65,45.15
22101,16.4,35.7,44.95
22103,12.1,25.4,37.25
22105,14.05,30.2,43.05
22107,21.6,41.45,48.8
22109,14.2,32.65,41.15
22111,16.35,34.75,37.1
22113,13.9,31.55,42.7
22115,12.55,31.75,38.95
22117,16.35,36.95,45.55
22119,17.6,38.0,44.65
22121,13.3,27.8,41.45
22123,14.7,32.6,40.2
22125,13.7,27.9,40.0
22127,15.9,34.9,45.95
23001,11.2,26.35,35.95
23003,12.75,30.6,40.0
23005,8.15,16.6,26.7
23007,10.05,24.45,34.9
23009,9.65,19.65,29.4
23011,10.6,23.95,32.5
23013,9.6,20.55,28.8
23015,9.95,20.1,30.95
23017,11.9,24.35,34.8
23019,10.5,25.6,38.15
23021,11.7,26.7,34.45
23023,9.4,21.2,29.55
23025,12.15,27.0,36.95
23027,10.15,22.6,34.2
23029,12.8,31.15,39.85
23031,9.2,20.5,33.0
24001,12.3,31.35,37.0
24003,9.75,20.15,34.35
24005,12.2,25.8,34.1
24009,10.0,19.3,36.1
24011,13.0,27.95,41.5
24013,9.4,22.6,37.55
24015,12.1,27.25,41.05
24017,12.6,22.95,41.6
24019,14.7,28.8,41.85
24021,10.0,19.8,34.5
24023,12.25,25.9,36.25
24025,10.65,20.15,35.6
24027,9.75,16.1,29.8
24029,12.0,23.4,35.75
24031,10.0,18.75,26.0
24033,14.4,26.8,42.05
24035,10.2,20.1,29.3
24037,10.85,22.5,37.3
24039,13.75,31.25,39.1
24041,11.15,22.85,30.45
24043,12.35,28.95,39.0
24045,12.05,27.95,40.25
24047,11.7,24.4,33.3
24510,14.05,27.3,38.75
25001,8.9,17.75,26.55
25003,9.55,21.3,31.35
25005,9.95,24.35,32.05
25007,8.95,17.95,25.4
25009,9.5,23.65,30.0
25011,9.45,21.25,26.2
25013,11.3,29.4,35.05
25015,8.0,17.55,23.3
25017,8.1,18.1,23.8
25019,7.9,16.8,27.3
25021,8.35,16.75,23.45
25023,9.25,19.8,29.7
25025,9.7,24.25,24.7
25027,9.7,23.45,32.55
26001,12.95,26.7,39.05
26003,11.6,24.75,36.35
26005,10.5,24.25,35.45
26007,12.35,27.3,41.3
26009,10.8,22.05,36.4
26011,12.5,26.95,38.5
26013,13.05,27.75,40.5
26015,10.05,23.35,36.8
26017,11.25,25.45,37.95
26019,10.85,22.4,35.4
26021,12.1,26.4,38.85
26023,12.1,27.5,35.95
26025,12.25,27.2,42.5
26027,11.55,25.85,36.15
26029,10.45,21.3,35.0
26031,12.4,25.4,41.05
26033,11.95,26.15,36.0
26035,13.25,29.1,40.3
26037,9.6,21.2,35.1
26039,12.65,27.45,37.3
26041,11.9,25.55,39.95
26043,10.95,24.6,38.1
26045,10.35,23.35,38.85
26047,10.0,20.45,32.7
26049,12.1,27.45,40.6
26051,12.7,27.75,40.45
26053,12.85,26.85,37.05
26055,9.55,21.75,35.3
26057,11.05,26.05,37.1
26059,12.05,27.4,37.7
26061,9.9,22.1,35.3
26063,12.2,27.4,38.7
26065,10.4,22.45,35.55
26067,10.5,24.6,40.15
26069,13.3,29.0,38.8
26071,12.75,26.85,39.1
26073,11.05,26.4,41.3
26075,11.45,26.8,39.25
26077,9.55,22.9,38.15
26079,11.9,26.25,38.45
26081,9.95,21.5,34.85
26083,10.95,21.15,34.0
26085,14.85,32.8,40.4
26087,10.6,24.7,35.25
26089,10.05,19.2,31.8
26091,11.2,25.7,40.7
26093,8.65,20.2,32.1
26095,12.85,26.9,41.1
26097,13.95,27.85,41.25
26099,10.5,25.75,37.4
26101,11.8,27.25,36.8
26103,10.0,21.2,37.2
26105,11.95,24.3,40.45
26107,11.4,26.8,37.7
26109,11.9,26.35,38.9
26111,9.75,20.9,31.75
26113,11.75,27.2,39.25
26115,11.05,24.15,40.45
26117,11.5,26.35,42.35
26119,13.5,28.0,38.45
26121,11.7,27.35,44.25
26123,11.75,26.95,37.65
26125,9.35,18.65,31.1
26127,12.15,27.4,40.65
26129,13.0,28.1,39.3
26131,13.3,26.8,37.1
26133,12.05,27.95,39.5
26135,13.85,29.8,38.3
26137,10.85,24.8,38.0
26139,8.95,20.0,32.75
26141,12.85,26.75,41.0
26143,12.85,26.65,39.1
26145,12.85,29.9,36.85
26147,10.85,25.0,36.35
26149,11.65,25.55,38.3
26151,12.05,29.15,39.95
26153,13.3,28.0,40.2
26155,11.2,25.3,38.65
26157,11.65,26.5,41.55
26159,12.15,27.3,39.3
26161,8.65,16.3,28.25
26163,13.4,29.25,37.35
26165,11.65,25.55,38.9
27001,12.45,26.9,33.3
27003,9.95,24.25,36.0
27005,10.35,23.65,37.3
27007,10.75,26.1,39.15
27009,9.75,23.55,41.35
27011,11.25,26.2,37.9
27013,9.7,23.55,35.3
27015,10.25,23.95,35.85
27017,10.7,24.95,38.65
27019,7.9,18.65,31.65
27021,12.1,26.8,36.9
27023,11.45,27.95,40.6
27025,9.45,22.35,36.2
27027,9.3,21.9,33.5
27029,11.4,27.6,34.6
27031,10.85,22.7,35.25
27033,11.65,28.7,39.5
27035,10.25,23.45,37.45
27037,9.05,22.15,34.35
27039,8.95,22.15,35.05
27041,9.95,22.65,35.35
27043,11.25,27.8,37.7
27045,10.4,24.45,40.6
27047,11.4,28.95,36.1
27049,9.7,24.5,35.9
27051,11.15,25.6,39.8
27053,7.75,18.7,27.1
27055,9.85,24.6,34.05
27057,11.3,23.15,35.35
27059,9.65,24.2,32.6
27061,11.8,24.25,36.05
27063,10.3,24.15,35.95
27065,11.3,27.0,37.45
27067,11.15,24.75,40.8
27069,10.65,24.5,34.2
27071,11.35,26.45,37.05
27073,10.45,24.45,34.4
27075,10.6,24.15,35.35
27077,10.9,24.55,35.9
27079,9.8,21.75,35.15
27081,10.45,24.95,36.75
27083,10.25,24.45,38.15
27085,10.3,25.0,42.1
27087,15.4,33.85,44.1
27089,10.6,24.6,39.1
27091,11.35,27.5,36.45
27093,10.8,25.2,37.1
27095,10.85,27.45,38.25
27097,10.65,25.45,37.15
27099,10.95,28.05,38.1
27101,10.85,25.65,36.5
27103,9.3,22.95,33.75
27105,12.6,33.2,38.9
27107,11.05,25.75,35.7
27109,8.95,20.95,36.45
27111,10.4,24.7,34.35
27113,10.25,24.15,40.35
27115,11.6,26.75,39.35
27117,11.35,27.0,38.7
27119,10.25,25.25,39.55
27121,10.55,23.9,38.9
27123,10.15,20.15,32.2
27125,10.55,25.55,38.7
27127,11.4,25.25,36.7
27129,11.65,27.15,38.95
27131,9.75,25.45,38.1
27133,10.3,25.35,36.8
27135,10.5,24.25,35.8
27137,10.3,23.05,35.7
27139,8.95,22.4,31.75
27141,8.65,23.05,38.7
27143,10.35,26.6,38.8
27145,9.75,23.05,36.7
27147,9.95,23.65,37.5
27149,9.65,24.9,38.1
27151,11.65,27.0,38.75
27153,11.6,27.8,39.45
27155,11.45,26.6,39.0
27157,10.05,22.75,37.5
27159,11.4,28.35,38.45
27161,10.45,25.85,39.15
27163,9.5,18.65,32.3
27165,11.65,28.7,37.1
27167,10.95,25.5,38.45
27169,9.45,22.6,35.05
27171,8.7,20.05,35.1
27173,11.05,26.0,38.85
28001,18.7,40.7,41.35
28003,13.7,34.4,40.0
28005,17.85,39.95,45.2
28007,15.4,36.4,42.8
28009,15.7,35.75,42.35
28011,19.2,41.8,46.65
28013,16.4,36.6,41.2
28015,16.45,37.55,40.2
28017,17.05,38.2,43.55
28019,14.9,34.0,40.35
28021,20.0,41.8,49.15
28023,15.9,34.6,38.75
28025,17.55,38.05,47.75
28027,20.65,42.45,46.75
28029,16.75,36.7,42.1
28031,14.45,34.45,40.4
28033,11.9,27.7,37.1
28035,13.3,30.2,36.7
28037,16.55,37.15,40.5
28039,12.4,31.35,37.05
28041,13.55,33.4,41.9
28043,16.15,36.2,46.1
28045,12.55,30.1,37.15
28047,13.2,34.55,36.55
28049,16.15,34.45,44.3
28051,22.15,44.7,51.1
28053,22.65,47.05,52.7
28055,17.1,41.55,46.3
28057,11.5,31.45,36.6
28059,13.9,29.95,40.6
28061,17.1,39.15,45.05
28063,21.7,44.15,51.6
28065,19.3,40.2,45.6
28067,14.8,35.65,41.75
28069,17.1,37.25,44.65
28071,11.35,27.35,35.7
28073,11.8,29.05,38.6
28075,15.4,35.0,42.2
28077,17.0,39.9,46.2
28079,15.75,37.45,42.8
28081,13.1,31.65,36.35
28083,19.95,41.35,43.65
28085,14.4,34.15,40.3
28087,14.55,32.75,37.7
28089,11.6,25.95,36.15
28091,15.8,36.5,43.55
28093,17.1,37.55,42.0
28095,15.1,37.35,42.9
28097,17.45,38.9,43.65
28099,15.5,37.35,43.25
28101,14.7,33.85,41.2
28103,19.6,41.35,46.45
28105,12.4,29.15,37.05
28107,17.0,39.05,46.35
28109,13.1,32.2,38.05
28111,14.8,35.5,43.65
28113,17.6,38.2,46.25
28115,13.0,33.85,38.85
28117,13.1,33.6,40.9
28119,21.15,44.45,51.15
28121,11.4,26.75,36.5
28123,17.05,40.35,43.3
28125,22.4,45.45,50.4
28127,14.7,34.3,40.15
28129,15.2,36.55,43.7
28131,13.05,32.8,41.15
28133,18.8,41.65,48.75
28135,17.95,40.25,45.0
28137,13.35,32.45,36.25
28139,14.2,35.35,43.4
28141,13.45,34.15,39.45
28143,20.65,44.95,50.9
28145,13.2,32.95,41.55
28147,16.1,36.75,43.15
28149,14.85,32.2,43.8
28151,19.3,40.1,44.2
28153,16.4,37.3,44.3
28155,12.5,31.4,36.4
28157,19.1,41.05,47.55
28159,17.6,36.95,41.85
28161,17.0,38.75,40.1
28163,18.2,42.45,50.35
29001,10.45,28.95,36.8
29003,10.4,26.4,35.9
29005,12.9,32.5,41.6
29007,12.85,34.0,39.95
29009,13.3,35.5,37.75
29011,13.6,34.8,40.75
29013,12.45,33.1,41.1
29015,13.85,32.7,38.9
29017,12.45,33.55,39.1
29019,9.8,24.35,30.7
29021,12.2,32.2,43.0
29023,13.95,36.9,41.2
29025,11.65,31.65,38.9
29027,11.05,28.5,37.0
29029,12.3,30.1,35.55
29031,10.7,28.2,35.3
29033,12.25,32.5,38.7
29035,13.95,35.9,39.9
29037,10.5,25.65,37.9
29039,13.65,34.0,39.95
29041,12.2,30.7,38.55
29043,9.9,25.9,36.1
29045,13.1,34.2,41.55
29047,10.25,24.2,37.25
29049,10.8,29.4,39.3
29051,10.2,26.85,36.65
29053,11.1,29.95,37.6
29055,12.55,32.7,41.8
29057,13.9,33.75,40.6
29059,13.3,34.0,39.4
29061,12.6,32.75,38.55
29063,11.3,29.25,39.05
29065,12.85,32.85,39.4
29067,13.3,33.4,37.95
29069,14.55,41.5,46.3
29071,10.95,28.55,39.45
29073,11.75,29.25,39.25
29075,11.9,32.25,41.05
29077,10.6,25.95,37.25
29079,12.75,33.7,39.3
29081,13.0,33.55,39.5
29083,12.7,32.65,38.55
29085,16.3,38.8,43.05
29087,12.2,31.85,36.8
29089,11.05,28.75,35.4
29091,13.45,33.5,36.8
29093,13.25,34.15,42.2
29095,11.55,30.55,37.2
29097,12.15,32.1,40.1
29099,10.3,27.15,40.0
29101,9.95,26.6,36.4
29103,13.35,34.1,39.65
29105,12.75,33.8,38.4
29107,10.65,28.05,36.9
29109,12.6,34.6,40.1
29111,11.8,32.2,37.4
29113,10.5,28.45,39.65
29115,12.0,31.9,35.8
29117,11.55,31.45,39.5
29119,14.65,37.95,42.85
29121,11.4,30.35,34.5
29123,11.9,31.3,37.6
29125,11.95,31.9,38.05
29127,11.7,30.7,39.7
29129,13.7,34.45,41.25
29131,11.9,30.55,37.4
29133,15.4,40.6,47.65
29135,11.05,30.1,39.15
29137,13.0,32.5,37.9
29139,12.4,32.65,37.2
29141,13.7,35.5,38.2
29143,14.4,37.95,43.1
29145,12.25,30.65,38.85
29147,10.5,28.05,37.8
29149,14.5,35.7,41.15
29151,10.2,27.15,35.6
29153,15.4,37.35,42.4
29155,16.4,41.3,44.9
29157,11.2,30.05,36.0
29159,11.7,31.5,36.2
29161,11.3,29.1,35.4
29163,12.4,32.7,38.3
29165,9.4,22.45,36.85
29167,12.1,32.65,39.1
29169,9.75,27.85,37.1
29171,11.9,30.3,35.05
29173,12.25,31.25,39.9
29175,11.85,31.3,37.65
29177,11.95,32.25,39.45
29179,13.85,35.25,41.1
29181,14.05,36.4,41.2
29183,9.55,22.7,35.6
29185,14.0,35.3,37.65
29186,11.15,29.2,37.15
29187,12.15,33.9,40.3
29189,10.55,24.8,31.4
29195,11.8,31.65,38.45
29197,11.0,30.25,38.9
29199,11.6,32.4,37.4
29201,12.25,35.5,38.15
29203,13.2,33.25,36.9
29205,13.2,33.8,40.45
29207,12.75,34.2,37.6
29209,12.95,31.05,41.1
29211,13.5,34.4,40.25
29213,11.95,30.2,36.05
29215,14.25,35.5,42.15
29217,12.9,33.45,37.95
29219,11.15,30.35,38.85
29221,13.5,34.55,41.6
29223,15.0,37.55,41.4
29225,11.4,30.6,41.6
29227,13.35,33.5,40.45
29229,14.0,37.25,42.15
29510,13.0,26.95,37.0
30001,9.45,20.45,28.8
30003,14.45,28.15,35.65
30005,13.3,27.1,41.35
30007,9.1,20.7,30.5
30009,10.0,21.05,32.8
30011,10.4,23.4,33.05
30013,9.6,23.0,35.6
30015,10.85,23.5,35.7
30017,9.5,22.9,32.65
30019,9.7,21.45,33.75
30021,9.15,21.8,32.9
30023,11.2,24.15,32.3
30025,9.25,22.65,31.4
30027,9.9,22.75,31.2
30029,8.35,18.7,31.0
30031,6.95,14.2,23.5
30033,10.0,23.4,30.65
30035,15.0,32.1,39.8
30037,12.1,26.15,32.65
30039,10.35,22.8,30.5
30041,11.5,25.05,38.75
30043,8.95,20.45,32.45
30045,10.95,23.65,31.6
30047,10.75,22.8,33.1
30049,8.4,17.8,30.9
30051,11.5,26.65,34.25
30053,11.7,25.5,37.7
30055,9.4,21.3,32.65
30057,8.95,18.35,28.65
30059,10.4,22.2,32.45
30061,10.8,23.65,35.9
30063,8.1,16.5,26.55
30065,10.85,25.5,35.45
30067,9.2,21.3,30.2
30069,10.3,22.2,32.9
30071,10.4,23.75,38.9
30073,12.05,28.1,37.35
30075,9.95,20.95,30.5
30077,10.25,24.4,35.7
30079,13.2,28.7,33.75
30081,8.85,19.35,31.8
30083,8.45,22.8,37.75
30085,13.8,29.45,41.15
30087,12.55,26.9,39.65
30089,11.35,24.65,34.85
30091,9.95,22.65,35.45
30093,9.45,21.65,32.55
30095,9.25,20.0,30.05
30097,9.3,20.8,29.55
30099,9.65,22.95,31.1
30101,10.9,26.3,35.5
30103,10.4,22.15,33.65
30105,10.1,23.45,32.95
30107,11.3,25.7,32.15
30109,10.1,23.0,32.8
30111,8.85,20.4,34.0
31001,10.85,26.35,41.55
31003,11.25,27.25,42.7
31005,10.7,25.55,42.05
31007,11.05,25.9,38.3
31009,11.35,27.75,39.05
31011,11.05,28.1,33.25
31013,11.7,29.55,38.9
31015,12.4,28.7,38.3
31017,11.55,28.0,40.6
31019,9.35,23.7,38.1
31021,11.4,27.9,40.45
31023,10.05,26.45,38.6
31025,9.7,24.5,39.9
31027,9.85,24.35,40.35
31029,11.2,28.85,37.1
31031,11.6,27.35,40.85
31033,11.4,28.9,34.75
31035,10.55,26.75,40.1
31037,12.55,32.05,38.9
31039,10.8,27.45,40.8
31041,10.75,27.15,40.1
31043,12.35,32.8,44.45
31045,10.1,25.6,36.9
31047,12.7,32.4,41.25
31049,11.95,27.85,39.8
31051,11.65,30.25,43.45
31053,10.95,27.8,40.0
31055,9.55,22.0,36.9
31057,12.05,28.1,37.2
31059,10.75,27.4,42.05
31061,12.15,29.15,39.45
31063,10.45,25.7,38.05
31065,11.7,27.85,44.65
31067,11.15,27.6,41.8
31069,13.0,30.75,40.4
31071,10.45,25.2,39.25
31073,10.7,25.3,38.35
31075,10.45,24.7,36.55
31077,10.95,27.25,35.0
31079,11.35,30.85,41.3
31081,9.4,23.85,40.75
31083,11.0,27.85,35.45
31085,12.0,29.6,41.4
31087,11.55,28.4,41.85
31089,11.25,28.25,38.55
31091,11.35,27.5,40.0
31093,10.1,26.5,38.65
31095,11.6,28.15,37.5
31097,10.85,29.7,38.1
31099,9.65,23.95,38.35
31101,11.25,29.6,35.55
31103,11.95,28.25,37.3
31105,13.05,32.5,42.3
31107,12.2,28.55,40.1
31109,9.5,20.35,35.05
31111,11.55,28.45,40.1
31113,10.2,25.05,36.05
31115,11.2,25.55,36.55
31117,11.25,26.95,38.9
31119,11.0,27.25,40.2
31121,10.45,27.85,39.25
31123,11.85,31.05,41.75
31125,11.25,27.7,40.85
31127,10.8,29.1,41.25
31129,10.85,26.35,42.1
31131,10.65,26.45,40.7
31133,12.15,31.35,37.95
31135,10.45,25.65,40.65
31137,10.45,26.35,38.85
31139,9.75,26.0,39.05
31141,10.95,26.65,41.95
31143,10.45,27.2,40.5
31145,10.85,28.7,42.3
31147,12.1,30.1,45.45
31149,10.65,26.25,38.95
31151,11.15,28.95,40.8
31153,9.15,21.25,35.75
31155,9.45,22.8,39.1
31157,11.75,28.6,39.35
31159,8.9,23.45,35.05
31161,11.95,30.6,36.35
31163,11.7,28.35,41.65
31165,13.6,30.9,43.05
31167,10.2,26.55,39.8
31169,11.45,27.9,40.1
31171,9.8,24.65,36.9
31173,13.25,30.1,45.85
31175,11.2,27.25,42.0
31177,9.6,22.4,41.0
31179,9.85,25.75,39.15
31181,11.35,26.0,39.1
31183,11.05,25.1,38.35
31185,10.25,26.2,41.35
32001,10.75,25.8,37.85
32003,11.75,26.8,31.3
32005,10.15,20.1,27.2
32007,10.7,25.7,37.8
32009,14.9,30.6,36.35
32011,14.2,30.45,38.25
32013,10.8,26.45,36.1
32015,12.05,27.95,35.0
32017,10.3,23.15,31.65
32019,11.05,26.65,35.1
32021,15.2,33.0,38.3
32023,13.3,30.6,39.9
32027,11.2,25.85,35.5
32029,10.3,21.0,31.7
32031,9.4,21.3,28.5
32033,11.4,26.05,34.4
32510,11.0,24.25,33.1
33001,9.1,19.85,30.3
33003,8.85,19.25,30.6
33005,8.5,20.15,30.05
33007,11.2,26.85,36.25
33009,8.4,19.2,26.15
33011,8.55,21.8,32.95
33013,8.25,19.3,33.2
33015,8.1,18.1,30.95
33017,8.2,19.2,32.85
33019,9.8,23.65,33.35
34001,11.5,27.3,30.8
34003,8.85,21.15,25.5
34005,9.6,23.05,30.1
34007,10.65,25.9,29.7
34009,9.85,21.65,33.7
34011,12.8,32.4,40.4
34013,11.5,28.65,29.5
34015,9.6,23.05,31.5
34017,10.65,28.0,27.85
34019,8.1,18.65,26.15
34021,10.45,24.15,25.45
34023,10.95,25.0,29.8
34025,8.8,18.95,30.35
34027,8.2,18.65,22.7
34029,10.1,24.8,30.05
34031,11.95,30.85,31.05
34033,10.8,27.2,33.9
34035,9.3,20.3,26.05
34037,8.55,20.7,26.7
34039,10.9,25.15,29.55
34041,9.0,24.3,32.4
35001,10.9,22.85,33.1
35003,14.15,25.25,31.9
35005,13.6,30.7,40.05
35006,15.6,29.1,39.15
35007,13.45,26.35,31.8
35009,12.2,28.8,39.95
35011,13.1,26.45,32.75
35013,13.4,27.75,36.7
35015,11.15,26.55,39.8
35017,13.65,27.1,33.35
35019,15.4,32.45,37.15
35021,16.0,29.95,35.9
35023,14.5,30.0,34.6
35025,12.05,30.0,37.15
35027,12.15,24.15,30.3
35028,7.35,13.1,25.25
35029,16.35,35.15,36.3
35031,18.45,31.95,41.35
35033,15.6,29.1,33.4
35035,12.25,24.5,37.6
35037,14.95,30.4,37.9
35039,15.45,29.9,40.05
35041,11.6,27.25,33.65
35043,10.75,21.6,32.6
35045,13.65,26.15,35.15
35047,15.2,30.75,37.65
35049,10.95,20.6,25.75
35051,15.05,29.05,37.45
35053,14.45,30.4,36.85
35055,12.95,23.95,28.0
35057,14.75,29.85,34.6
35059,13.25,27.35,34.5
35061,13.5,28.5,35.5
36001,8.8,21.1,30.35
36003,10.3,25.15,35.25
36005,15.45,37.8,33.6
36007,10.2,24.1,33.95
36009,10.85,27.6,35.8
36011,10.55,27.25,35.7
36013,11.3,27.05,36.5
36015,10.4,25.8,30.75
36017,10.8,26.75,36.2
36019,9.9,26.3,33.5
36021,10.15,23.45,30.75
36023,8.95,23.85,31.4
36025,10.85,27.45,33.1
36027,9.1,21.15,28.35
36029,9.95,24.25,32.9
36031,10.15,24.6,34.75
36033,11.1,28.2,40.75
36035,10.8,27.6,35.65
36037,9.6,24.05,30.15
36039,10.3,25.2,34.45
36041,10.95,25.35,30.9
36043,10.05,27.15,37.0
36045,9.85,25.45,38.3
36047,11.55,25.95,25.05
36049,10.5,26.9,40.8
36051,9.3,22.75,31.35
36053,9.3,22.15,36.8
36055,10.4,24.95,31.6
36057,10.5,27.05,38.85
36059,9.2,22.6,28.35
36061,8.65,20.2,19.35
36063,10.1,25.55,39.45
36065,10.5,27.45,36.25
36067,10.1,22.7,37.15
36069,9.3,21.2,30.75
36071,10.65,25.8,32.3
36073,10.5,27.55,32.85
36075,10.3,28.05,36.55
36077,9.6,24.0,31.0
36079,8.7,21.0,27.4
36081,13.25,30.35,23.9
36083,9.2,22.85,31.6
36085,11.0,26.0,30.15
36087,10.6,26.75,30.7
36089,11.05,27.7,42.35
36091,8.6,19.15,32.95
36093,9.55,22.25,34.45
36095,10.0,24.45,32.7
36097,10.75,25.15,31.45
36099,10.35,27.55,34.75
36101,10.25,25.35,34.75
36103,9.15,23.6,29.7
36105,11.05,28.05,31.85
36107,9.95,25.15,30.5
36109,7.9,18.45,26.1
36111,9.85,23.45,30.55
36113,9.75,22.5,30.95
36115,9.9,25.75,31.3
36117,9.9,25.1,37.25
36119,9.65,21.5,25.95
36121,10.1,25.35,35.5
36123,10.25,25.8,34.2
37001,11.45,24.05,38.7
37003,11.4,25.5,36.35
37005,13.6,28.2,36.55
37007,15.9,32.4,43.35
37009,11.95,25.05,36.25
37011,11.55,24.6,37.25
37013,13.5,27.15,36.9
37015,17.1,33.0,43.2
37017,14.65,30.2,41.3
37019,11.2,21.2,32.85
37021,9.9,19.75,31.25
37023,12.35,27.55,36.75
37025,10.35,21.5,33.0
37027,11.75,26.4,33.3
37029,9.75,20.65,34.8
37031,10.6,21.0,33.85
37033,13.75,27.9,39.2
37035,11.1,23.75,37.3
37037,11.15,21.45,30.15
37039,12.65,25.5,34.8
37041,14.75,28.95,40.5
37043,11.8,23.85,35.4
37045,12.4,26.85,38.6
37047,14.2,30.3,41.15
37049,11.5,24.2,37.2
37051,12.4,25.6,40.6
37053,9.65,21.0,34.05
37055,9.65,19.3,31.3
37057,11.5,25.8,36.1
37059,10.65,22.7,33.35
37061,14.1,29.2,39.5
37063,10.45,21.65,36.3
37065,16.1,32.6,43.75
37067,11.7,24.85,41.35
37069,11.75,24.5,38.55
37071,11.5,24.85,36.05
37073,13.75,27.95,38.75
37075,11.45,24.65,35.3
37077,12.45,25.95,36.05
37079,15.1,32.0,42.75
37081,11.7,23.6,38.3
37083,17.3,34.15,42.6
37085,11.45,25.8,36.8
37087,10.8,22.85,33.25
37089,10.8,22.1,30.35
37091,17.05,32.4,42.9
37093,13.25,28.05,38.3
37095,15.15,30.45,40.9
37097,9.85,21.15,32.55
37099,11.5,24.2,35.6
37101,11.05,23.35,34.8
37103,14.85,29.75,39.8
37105,12.6,26.95,37.75
37107,15.95,33.25,42.45
37109,10.3,22.2,34.7
37111,11.65,25.45,35.1
37113,12.1,25.65,35.45
37115,10.35,22.3,34.75
37117,15.45,29.9,40.4
37119,10.1,21.0,29.6
37121,11.1,23.8,37.1
37123,13.45,28.1,38.8
37125,10.2,20.1,32.7
37127,13.65,28.2,38.35
37129,9.9,20.6,31.45
37131,17.25,31.9,42.9
37133,9.65,21.9,34.7
37135,9.15,18.25,28.75
37137,12.8,25.0,36.15
37139,12.15,24.8,38.5
37141,10.75,21.55,35.95
37143,13.0,26.0,37.4
37145,13.25,27.45,38.65
37147,12.0,25.55,39.9
37149,11.75,23.45,35.45
37151,12.05,27.15,39.8
37153,15.1,31.5,42.95
37155,17.4,35.25,48.0
37157,12.9,27.7,37.2
37159,11.75,26.85,37.4
37161,12.75,27.8,38.05
37163,14.3,30.0,41.75
37165,16.3,33.2,45.35
37167,11.6,24.8,36.3
37169,11.55,25.2,36.95
37171,12.25,27.95,40.85
37173,13.85,27.25,40.75
37175,10.9,21.0,34.05
37177,15.4,30.8,41.3
37179,9.9,21.35,33.2
37181,15.35,30.65,42.7
37183,9.25,17.95,29.1
37185,17.4,32.4,44.1
37187,17.7,33.5,43.85
37189,10.15,22.25,35.0
37191,13.35,27.95,39.7
37193,12.3,26.95,38.1
37195,15.4,31.25,38.45
37197,11.85,26.2,36.3
37199,11.85,25.25,35.6
38001,11.95,27.3,35.25
38003,10.25,23.0,38.1
38005,14.4,30.9,43.55
38007,10.65,23.75,36.4
38009,10.3,23.3,37.9
38011,9.95,23.35,36.5
38013,9.65,21.6,37.25
38015,8.7,18.05,35.35
38017,8.2,17.95,34.45
38019,10.0,22.45,39.8
38021,10.2,23.7,39.15
38023,10.8,24.35,37.6
38025,10.45,23.35,36.6
38027,11.85,26.4,38.75
38029,11.35,24.5,38.45
38031,10.25,23.25,35.8
38033,11.75,27.2,37.7
38035,9.45,22.05,36.55
38037,12.75,28.95,41.55
38039,10.3,22.3,37.35
38041,10.3,24.05,37.65
38043,10.95,25.5,40.05
38045,10.65,24.45,34.8
38047,11.35,26.45,40.35
38049,10.4,25.2,41.9
38051,12.1,27.3,36.25
38053,9.75,24.05,41.0
38055,10.35,23.95,40.2
38057,10.65,24.3,39.7
38059,8.95,22.1,38.5
38061,12.2,29.6,42.0
38063,10.5,22.5,39.7
38065,10.0,22.85,34.6
38067,11.05,25.25,42.0
38069,10.55,24.7,40.8
38071,11.05,25.2,41.1
38073,10.75,24.05,38.05
38075,9.8,23.55,38.85
38077,9.75,23.3,36.85
38079,17.2,34.4,50.2
38081,10.4,23.55,41.25
38083,11.45,25.9,36.9
38085,20.15,39.4,49.4
38087,12.0,25.1,38.45
38089,9.2,23.35,37.45
38091,10.85,23.65,34.95
38093,9.95,24.1,40.0
38095,12.7,28.8,43.9
38097,9.5,21.8,38.5
38099,10.9,25.65,35.9
38101,8.8,22.65,34.3
38103,11.6,25.35,38.0
38105,9.15,24.3,40.3
39001,14.2,34.45,40.1
39003,13.35,28.7,39.85
39005,12.55,29.85,38.4
39007,14.6,33.6,45.75
39009,12.05,25.65,36.2
39011,11.0,25.75,39.5
39013,13.0,31.15,40.9
39015,13.05,33.2,41.4
39017,11.9,27.65,39.3
39019,13.05,31.2,38.8
39021,11.45,26.7,43.1
39023,13.6,32.6,42.3
39025,11.5,24.7,34.55
39027,12.35,29.65,39.8
39029,13.5,30.9,41.05
39031,13.75,31.35,41.45
39033,13.05,31.2,39.5
39035,12.35,24.15,35.35
39037,12.8,29.05,36.5
39039,12.1,27.1,35.4
39041,9.4,17.4,31.2
39043,12.7,27.0,40.2
39045,11.3,23.95,35.45
39047,13.1,31.55,41.15
39049,11.8,23.8,33.7
39051,12.0,26.5,36.9
39053,13.8,34.3,36.65
39055,10.85,22.2,32.65
39057,10.5,22.25,38.15
39059,13.35,31.65,38.2
39061,12.55,24.1,35.7
39063,11.6,26.2,39.45
39065,12.4,30.4,41.05
39067,13.7,30.45,41.25
39069,11.8,27.2,38.55
39071,13.25,31.8,41.2
39073,14.0,32.4,35.95
39075,12.2,33.65,38.5
39077,12.3,29.6,34.95
39079,13.65,33.05,44.7
39081,13.55,30.4,42.8
39083,11.55,27.05,37.45
39085,11.55,24.55,36.85
39087,13.65,31.5,41.4
39089,11.9,23.65,37.4
39091,12.55,28.4,39.1
39093,12.85,28.25,36.75
39095,13.1,29.35,36.15
39097,11.6,26.45,37.05
39099,13.3,27.35,38.75
39101,13.65,33.15,44.15
39103,10.65,23.4,36.1
39105,15.4,38.0,44.25
39107,10.9,26.75,36.35
39109,11.5,25.35,33.45
39111,14.05,32.7,40.4
39113,13.5,28.75,37.2
39115,14.15,32.35,41.05
39117,12.4,28.95,39.7
39119,13.2,29.2,43.9
39121,14.9,31.8,41.6
39123,11.7,27.0,37.95
39125,12.65,29.95,41.2
39127,12.95,31.3,38.35
39129,11.85,28.95,39.7
39131,14.7,35.75,43.1
39133,11.15,24.85,33.45
39135,11.95,29.35,39.55
39137,11.05,23.95,43.6
39139,13.3,29.5,39.1
39141,13.8,30.1,44.1
39143,13.0,28.5,40.65
39145,14.1,35.2,44.7
39147,12.15,28.8,36.05
39149,12.1,28.65,39.55
39151,12.4,28.3,40.45
39153,12.55,25.55,37.55
39155,13.8,30.3,39.75
39157,12.3,29.1,43.4
39159,9.75,23.0,39.4
39161,11.9,28.45,37.35
39163,13.85,32.15,40.0
39165,10.2,20.0,32.35
39167,12.3,28.9,43.8
39169,11.85,26.7,37.75
39171,13.0,30.75,40.65
39173,10.45,22.95,38.15
39175,11.6,26.2,35.55
40001,16.35,40.25,46.15
40003,12.3,30.8,40.1
40005,13.65,34.0,40.35
40007,12.6,33.15,38.7
40009,12.85,34.8,40.05
40011,12.85,32.35,38.35
40013,12.7,33.7,40.2
40015,14.4,37.15,40.25
40017,10.15,26.7,38.8
40019,12.8,34.1,39.7
40021,13.7,31.45,43.65
40023,15.5,37.6,45.45
40025,11.9,30.4,38.0
40027,10.8,26.75,36.95
40029,15.55,38.3,42.75
40031,12.75,33.25,43.35
40033,13.75,34.0,43.0
40035,14.55,35.25,41.85
40037,12.3,30.6,39.75
40039,11.8,31.75,42.05
40041,14.6,34.65,37.9
40043,12.25,31.65,38.3
40045,12.35,31.95,39.85
40047,11.95,31.65,41.9
40049,13.0,33.75,38.55
40051,11.15,28.85,38.35
40053,11.95,31.35,36.4
40055,12.3,32.6,42.15
40057,15.4,38.5,42.55
40059,12.6,32.45,39.35
40061,13.9,35.35,42.25
40063,14.25,35.95,42.05
40065,12.7,34.2,40.75
40067,14.55,37.2,41.2
40069,14.25,36.35,39.8
40071,13.0,31.4,42.85
40073,11.1,33.05,37.15
40075,14.85,35.4,42.75
40077,15.4,36.95,42.7
40079,14.05,37.25,40.35
40081,12.75,32.45,44.0
40083,11.15,28.4,40.2
40085,13.3,34.35,38.8
40087,10.55,28.2,38.3
40089,14.4,35.9,42.65
40091,15.45,38.4,44.85
40093,11.9,32.85,42.05
40095,13.95,36.25,39.55
40097,13.35,34.2,41.7
40099,12.8,33.9,41.5
40101,14.3,35.4,41.6
40103,11.9,32.2,41.7
40105,13.75,34.15,40.4
40107,16.0,38.2,45.7
40109,12.3,29.15,37.8
40111,14.3,36.6,45.15
40113,12.9,30.95,46.4
40115,14.2,35.85,42.0
40117,12.9,32.4,39.65
40119,10.75,28.3,35.95
40121,13.05,32.95,40.2
40123,11.6,29.3,40.1
40125,12.25,31.85,41.3
40127,15.7,38.4,39.1
40129,12.95,32.45,40.45
40131,11.5,27.95,40.0
40133,14.9,37.3,45.2
40135,15.15,36.55,47.1
40137,12.8,33.4,39.15
40139,13.45,37.45,44.3
40141,14.55,36.45,44.1
40143,11.25,30.6,35.8
40145,11.1,27.95,35.95
40147,12.1,30.2,42.55
40149,12.1,31.65,39.5
40151,10.9,29.2,37.8
40153,11.4,30.2,41.55
41001,11.7,20.2,37.75
41003,9.3,16.45,27.1
41005,9.55,19.15,33.85
41007,11.05,20.65,34.8
41009,10.85,21.4,33.3
41011,12.2,22.9,34.15
41013,10.85,20.3,36.05
41015,12.8,22.1,38.5
41017,9.2,16.1,27.0
41019,12.4,24.65,37.7
41021,12.5,24.1,35.6
41023,12.3,23.2,33.75
41025,13.0,25.25,38.9
41027,10.35,20.25,31.4
41029,11.35,21.05,32.9
41031,12.2,22.75,35.5
41033,12.8,24.5,33.9
41035,12.65,25.6,38.0
41037,12.85,24.6,37.6
41039,10.05,18.9,34.75
41041,12.5,22.3,35.7
41043,11.05,22.05,40.1
41045,13.2,28.0,41.4
41047,11.9,22.0,43.5
41049,13.6,27.6,39.3
41051,9.3,17.55,28.7
41053,10.25,19.9,32.95
41055,12.3,23.5,36.65
41057,11.6,21.05,32.1
41059,11.95,24.75,37.8
41061,11.15,21.2,36.3
41063,10.65,19.2,34.15
41065,12.1,22.95,37.95
41067,9.55,17.55,32.2
41069,13.55,24.0,36.35
41071,10.45,20.45,37.15
44001,8.85,18.3,25.8
44003,10.7,23.0,32.85
44005,9.05,19.25,27.65
44007,11.1,28.45,33.55
44009,8.05,17.3,27.5
45001,15.05,30.05,37.8
45003,12.6,25.8,34.45
45005,19.75,37.5,46.8
45007,12.2,25.85,36.25
45009,17.55,31.8,42.55
45011,17.65,35.35,44.25
45013,11.0,19.05,30.15
45015,12.4,25.45,37.85
45017,15.1,27.9,40.7
45019,10.7,19.95,29.95
45021,13.95,30.85,38.8
45023,15.3,32.0,37.8
45025,16.45,33.75,45.1
45027,17.3,32.6,38.2
45029,15.55,32.25,39.2
45031,16.05,29.6,45.6
45033,18.8,35.2,45.3
45035,12.1,24.3,35.2
45037,14.9,28.35,39.8
45039,17.95,32.2,45.65
45041,14.35,29.6,40.65
45043,14.25,23.9,32.15
45045,11.45,22.85,32.5
45047,14.2,27.9,37.15
45049,18.65,34.35,41.6
45051,12.9,24.05,32.35
45053,15.1,29.45,35.2
45055,13.45,26.8,36.45
45057,12.7,25.65,35.95
45059,14.3,31.25,36.3
45061,18.5,35.45,43.9
45063,11.4,25.4,36.05
45065,17.1,28.75,37.6
45067,19.85,35.85,45.25
45069,18.95,38.05,40.95
45071,14.6,30.15,38.35
45073,13.35,27.5,38.2
45075,17.35,33.2,42.65
45077,11.75,25.7,36.35
45079,13.0,21.95,35.25
45081,15.05,31.3,43.55
45083,12.8,27.1,37.9
45085,14.8,26.95,42.95
45087,17.05,32.95,43.9
45089,18.35,33.9,45.05
45091,11.05,22.95,37.05
46003,11.0,24.45,36.55
46005,12.35,29.1,35.4
46007,18.0,34.95,42.75
46009,11.75,25.95,37.25
46011,9.1,19.15,37.6
46013,10.35,23.95,35.3
46015,11.75,25.3,38.35
46017,18.1,37.0,48.75
46019,11.25,26.9,35.75
46021,11.45,24.15,33.35
46023,13.85,29.2,40.7
46025,11.5,26.1,34.2
46027,9.2,23.0,37.25
46029,11.05,25.8,36.05
46031,19.1,37.2,43.9
46033,11.4,23.5,33.75
46035,11.05,24.65,38.3
46037,12.6,25.45,35.0
46039,10.5,23.0,33.35
46041,18.0,36.6,43.75
46043,11.85,25.1,35.5
46045,10.75,22.0,33.7
46047,13.65,28.85,37.8
46049,12.6,26.6,36.55
46051,11.1,25.3,37.4
46053,12.15,25.6,36.25
46055,11.65,25.55,34.05
46057,9.55,22.95,34.85
46059,10.35,21.65,34.15
46061,11.0,23.85,36.2
46063,9.85,20.6,35.2
46065,9.9,21.4,33.95
46067,10.7,23.0,34.5
46069,11.9,25.05,35.55
46071,17.85,34.9,41.35
46073,11.6,24.6,35.75
46075,12.4,25.75,35.45
46077,10.6,23.55,35.7
46079,10.55,21.8,32.85
46081,10.1,22.8,32.9
46083,8.45,17.45,34.85
46085,14.5,29.5,40.4
46087,9.9,22.2,36.0
46089,12.45,27.4,35.45
46091,11.1,23.75,35.8
46093,9.05,21.25,30.65
46095,19.7,38.0,45.9
46097,11.5,25.4,35.95
46099,10.3,23.25,37.25
46101,10.85,23.0,33.6
46102,22.45,40.9,47.35
46103,11.0,22.8,33.7
46105,12.15,25.1,36.05
46107,11.05,22.95,35.05
46109,14.55,30.75,43.25
46111,11.1,24.55,36.15
46115,11.2,24.4,36.1
46117,9.8,20.9,35.2
46119,10.7,22.3,34.85
46121,21.8,41.55,49.75
46123,13.45,28.2,37.4
46125,10.55,23.4,33.95
46127,9.6,20.5,31.1
46129,11.8,24.1,34.5
46135,10.6,23.75,38.55
46137,18.4,37.85,47.4
47001,12.8,26.65,41.95
47003,12.9,29.35,44.4
47005,14.75,32.45,40.65
47007,15.55,33.65,41.6
47009,12.0,25.0,36.2
47011,12.45,25.45,41.5
47013,14.15,31.35,42.4
47015,13.2,28.75,42.8
47017,13.8,29.55,42.95
47019,14.2,30.4,37.95
47021,11.45,24.1,39.15
47023,13.2,28.35,39.5
47025,13.65,29.6,42.3
47027,15.4,32.7,39.9
47029,15.2,32.2,40.05
47031,12.8,27.7,39.45
47033,14.15,30.15,42.15
47035,14.5,28.0,39.65
47037,11.45,24.9,32.4
47039,15.65,32.3,42.9
47041,14.45,31.45,40.15
47043,11.75,26.55,37.35
47045,13.75,29.9,39.4
47047,13.95,25.8,38.85
47049,14.95,31.4,44.7
47051,12.7,28.25,35.4
47053,13.6,29.15,39.5
47055,13.8,27.9,39.85
47057,13.9,29.8,40.95
47059,13.75,30.2,40.6
47061,14.8,32.0,40.5
47063,14.05,30.55,40.4
47065,11.85,21.95,34.5
47067,17.95,37.75,42.8
47069,16.15,33.55,43.75
47071,14.95,32.0,38.05
47073,14.2,30.55,40.9
47075,18.6,37.7,46.6
47077,14.0,30.3,38.7
47079,14.75,31.2,38.15
47081,12.95,29.05,38.25
47083,13.2,29.2,39.35
47085,13.45,28.65,41.0
47087,14.9,31.8,39.2
47089,12.2,26.25,37.25
47091,15.45,32.5,39.85
47093,11.55,23.2,33.8
47095,18.4,39.3,47.25
47097,16.15,34.0,47.2
47099,13.65,29.8,41.4
47101,13.4,28.9,39.15
47103,13.25,27.9,40.4
47105,12.95,25.85,36.5
47107,13.9,29.2,46.8
47109,14.55,30.35,39.35
47111,13.65,31.35,42.85
47113,15.15,29.95,44.05
47115,14.4,30.1,40.4
47117,12.65,26.75,39.75
47119,11.7,24.2,35.0
47121,14.05,30.05,40.6
47123,14.05,30.8,38.95
47125,11.3,24.1,38.45
47127,13.0,27.55,38.6
47129,13.6,29.75,43.2
47131,14.6,31.3,40.2
47133,14.05,29.8,40.75
47135,14.7,32.5,39.95
47137,16.2,33.35,41.85
47139,13.4,29.45,43.35
47141,12.05,25.45,38.15
47143,14.25,30.5,42.45
47145,12.9,28.4,36.9
47147,11.9,26.85,36.7
47149,11.0,23.1,38.0
47151,15.3,34.7,43.25
47153,14.9,31.5,39.3
47155,12.95,26.4,38.25
47157,15.25,27.3,39.65
47159,12.35,27.1,38.8
47161,12.5,26.7,37.9
47163,13.55,28.15,37.75
47165,11.35,23.15,40.4
47167,13.25,27.55,43.85
47169,12.0,28.2,39.2
47171,14.55,30.8,39.2
47173,13.15,28.7,40.0
47175,13.9,29.8,38.95
47177,14.3,31.2,42.15
47179,12.0,25.05,35.9
47181,14.1,30.7,40.35
47183,13.35,28.85,40.1
47185,14.0,31.15,39.55
47187,9.25,17.7,29.05
47189,10.55,21.45,30.95
48001,13.45,30.35,39.7
48003,12.8,31.3,36.65
48005,13.95,32.95,40.9
48007,13.65,28.9,36.2
48009,11.3,25.6,34.8
48011,11.0,23.85,33.3
48013,14.7,34.75,42.2
48015,13.25,29.35,37.4
48017,14.9,36.2,39.15
48019,13.25,28.25,35.45
48021,12.7,31.05,40.15
48023,13.25,29.7,36.3
48025,14.25,33.2,39.35
48027,12.8,29.55,43.35
48029,13.85,30.65,34.15
48031,11.15,23.05,34.4
48033,11.25,24.0,33.1
48035,12.4,27.1,36.0
48037,12.95,28.65,36.8
48039,11.65,25.5,36.05
48041,11.1,25.55,31.1
48043,11.65,24.35,33.2
48045,15.4,33.2,39.65
48047,19.0,42.4,42.9
48049,12.7,29.4,35.05
48051,12.5,27.9,35.85
48053,11.9,25.9,35.35
48055,14.05,33.15,42.3
48057,13.45,30.65,34.95
48059,11.7,25.65,36.1
48061,17.9,36.85,40.65
48063,14.9,33.25,40.1
48065,10.5,23.4,33.9
48067,13.85,29.7,39.3
48069,14.6,33.85,38.55
48071,10.75,25.05,34.8
48073,13.65,31.25,35.8
48075,12.0,29.7,36.7
48077,11.5,25.3,34.85
48079,17.85,41.35,42.7
48081,13.85,30.4,36.65
48083,13.35,28.65,37.2
48085,9.3,19.95,31.95
48087,14.1,31.4,39.2
48089,13.25,29.0,36.45
48091,10.2,21.3,34.75
48093,13.1,29.5,36.9
48095,13.45,31.5,37.4
48097,11.9,27.1,36.15
48099,10.9,27.3,37.65
48101,16.35,34.1,40.55
48103,14.75,35.95,39.85
48105,14.95,34.55,37.65
48107,15.85,36.35,40.75
48109,17.75,39.85,40.55
48111,14.65,35.7,39.65
48113,12.5,30.65,35.7
48115,15.3,36.65,39.7
48117,16.2,39.85,41.0
48119,12.3,27.5,37.05
48121,9.75,21.2,33.45
48123,14.55,32.15,37.55
48125,14.45,31.15,37.8
48127,22.45,49.2,47.25
48129,12.45,27.95,35.05
48131,17.9,40.65,41.7
48133,12.75,29.05,35.85
48135,13.2,32.15,40.05
48137,16.5,35.05,38.55
48139,11.25,25.75,37.05
48141,15.35,33.5,34.2
48143,10.9,25.6,34.6
48145,14.95,33.2,40.15
48147,12.3,28.55,39.15
48149,11.95,25.4,34.15
48151,12.65,27.65,36.1
48153,15.7,35.85,39.4
48155,15.9,34.1,40.55
48157,11.55,24.15,29.75
48159,11.45,24.65,35.4
48161,13.3,29.25,38.2
48163,15.9,39.05,41.0
48165,12.05,32.15,36.3
48167,11.55,25.1,33.9
48169,14.7,35.95,39.9
48171,11.55,24.35,33.25
48173,10.4,23.0,33.8
48175,13.6,29.25,37.05
48177,14.85,35.25,39.6
48179,13.15,31.2,38.5
48181,11.55,26.9,33.9
48183,12.9,28.9,37.0
48185,13.35,29.55,37.1
48187,12.2,25.65,34.55
48189,15.3,36.1,39.2
48191,15.55,33.45,39.55
48193,12.8,28.7,36.35
48195,12.95,30.75,37.1
48197,13.55,30.25,37.8
48199,11.4,26.25,33.85
48201,13.2,26.85,37.2
48203,12.85,29.1,39.0
48205,11.4,26.35,34.4
48207,13.6,31.35,36.75
48209,10.5,23.5,34.9
48211,10.65,24.9,32.95
48213,12.9,29.2,35.5
48215,17.55,37.75,44.6
48217,12.85,29.7,36.95
48219,13.5,31.8,36.25
48221,10.85,23.7,33.3
48223,12.3,29.0,37.6
48225,15.15,32.7,38.2
48227,13.4,32.0,38.3
48229,15.85,39.3,41.05
48231,11.75,27.85,36.8
48233,11.95,27.7,35.15
48235,11.85,25.75,35.05
48237,12.6,29.95,37.85
48239,13.4,30.95,37.9
48241,14.6,32.55,41.15
48243,17.15,32.1,37.95
48245,14.9,31.6,41.25
48247,21.5,47.15,45.2
48249,17.1,39.8,40.7
48251,11.45,26.85,33.25
48253,12.95,30.7,38.75
48255,14.2,34.3,39.1
48257,11.35,27.45,37.8
48259,9.95,20.55,34.2
48261,16.7,39.1,37.9
48263,11.1,23.8,32.8
48265,12.75,26.85,34.85
48267,14.15,30.1,37.15
48269,14.5,30.8,37.8
48271,14.5,31.25,37.6
48273,14.7,34.65,38.55
48275,14.05,31.5,37.9
48277,13.1,29.45,38.6
48279,15.45,35.4,40.2
48281,12.5,26.95,34.95
48283,16.05,40.35,39.85
48285,12.85,28.55,36.55
48287,13.9,31.15,39.7
48289,13.35,29.4,36.3
48291,13.85,34.65,40.05
48293,14.6,32.0,39.8
48295,13.45,29.9,36.8
48297,15.2,34.35,39.9
48299,12.9,26.3,36.25
48303,11.7,28.1,36.25
48305,14.3,32.05,38.55
48307,13.7,31.1,36.55
48309,12.35,28.0,35.45
48311,15.95,34.35,38.85
48313,13.0,31.5,37.55
48315,15.45,31.55,39.1
48317,11.8,29.3,35.8
48319,12.15,25.35,33.9
48321,15.15,33.25,39.45
48323,17.95,41.95,44.25
48325,13.4,30.05,39.55
48327,14.85,31.65,37.05
48329,11.1,26.8,35.85
48331,13.4,30.3,37.2
48333,12.0,25.6,33.3
48335,13.4,32.0,38.75
48337,11.95,27.5,35.0
48339,10.9,23.3,31.6
48341,14.8,35.95,39.05
48343,14.2,30.65,39.05
48345,12.6,27.55,35.5
48347,13.1,30.15,34.3
48349,14.4,32.6,38.3
48351,16.35,35.85,42.7
48353,15.25,35.15,40.65
48355,15.15,31.55,39.85
48357,13.8,33.45,39.4
48359,12.3,28.0,35.7
48361,11.65,27.15,38.3
48363,13.0,29.95,39.4
48365,12.55,28.0,37.45
48367,9.95,23.0,35.25
48369,14.25,33.5,37.2
48371,16.25,37.35,40.05
48373,13.95,31.75,38.75
48375,14.85,34.75,41.9
48377,20.0,42.35,41.75
48379,12.2,26.4,35.7
48381,10.4,23.35,35.25
48383,14.1,32.95,38.9
48385,15.45,33.05,38.25
48387,14.7,31.15,38.6
48389,17.55,41.55,40.85
48391,15.8,34.95,39.9
48393,10.25,22.75,33.75
48395,13.85,30.6,37.95
48397,9.05,20.25,34.75
48399,13.25,30.2,36.0
48401,13.05,29.4,37.5
48403,13.85,28.95,35.65
48405,18.05,37.6,43.7
48407,14.55,31.45,39.05
48409,14.65,34.3,41.3
48411,13.1,30.35,36.4
48413,13.35,29.9,36.2
48415,13.0,30.75,38.35
48417,10.9,23.3,33.8
48419,15.05,34.5,41.2
48421,12.05,28.1,35.55
48423,12.45,26.7,37.7
48425,11.05,24.95,34.1
48427,20.25,47.3,45.4
48429,12.8,29.4,36.65
48431,9.95,23.5,33.2
48433,13.65,30.65,36.25
48435,15.7,34.95,38.45
48437,16.05,36.7,40.95
48439,11.55,27.75,33.15
48441,11.25,26.3,35.0
48443,12.7,25.3,34.05
48445,15.75,37.05,40.95
48447,13.2,28.45,35.9
48449,14.8,34.8,38.7
48451,12.4,28.8,37.15
48453,9.25,20.1,30.25
48455,14.1,30.4,37.75
48457,14.0,32.35,39.05
48459,12.65,28.9,37.45
48461,15.7,36.7,41.05
48463,15.15,34.3,40.55
48465,15.65,36.55,38.3
48467,12.05,27.85,35.95
48469,13.7,31.25,37.4
48471,13.55,30.1,39.95
48473,11.65,27.6,37.6
48475,13.95,33.75,37.7
48477,11.95,25.85,36.35
48479,16.45,39.6,42.45
48481,13.95,31.6,40.25
48483,13.25,30.0,37.25
48485,11.85,27.0,35.75
48487,15.35,35.25,39.75
48489,18.9,44.3,43.8
48491,9.65,22.45,32.35
48493,12.05,26.1,35.1
48495,13.7,33.1,37.55
48497,11.1,26.25,33.95
48499,12.6,27.4,34.55
48501,13.25,32.15,37.9
48503,12.1,27.7,37.2
48505,20.45,47.1,44.1
48507,22.0,48.3,47.85
49001,9.35,19.2,28.75
49003,9.1,19.4,32.65
49005,8.65,16.2,29.1
49007,11.8,21.5,35.05
49009,11.45,21.65,32.95
49011,8.3,17.1,32.7
49013,10.6,23.95,31.6
49015,10.3,19.7,30.65
49017,10.25,18.8,28.75
49019,10.25,19.65,28.25
49021,9.55,18.6,36.1
49023,8.95,18.7,32.75
49025,10.35,18.7,33.35
49027,10.95,22.9,34.3
49029,7.8,15.0,25.05
49031,13.1,24.85,33.5
49033,10.5,18.75,32.85
49035,8.6,18.75,29.9
49037,14.55,24.85,34.3
49039,10.35,20.7,29.7
49041,9.8,20.7,36.5
49043,7.95,14.0,19.55
49045,9.15,21.05,37.45
49047,10.35,21.35,35.45
49049,7.85,14.9,30.65
49051,7.9,16.65,24.2
49053,9.75,16.4,33.6
49055,11.5,21.3,34.25
49057,8.95,20.4,34.75
50001,7.35,17.45,27.7
50003,8.65,19.15,30.65
50005,8.9,23.15,31.2
50007,6.4,14.1,23.15
50009,10.55,25.6,34.15
50011,8.75,20.9,36.65
50013,8.3,17.9,30.3
50015,7.55,18.85,29.05
50017,8.45,21.4,32.45
50019,9.4,22.6,33.1
50021,8.95,21.3,35.5
50023,8.0,17.7,27.1
50025,8.5,18.95,25.95
50027,8.2,18.65,28.75
51001,15.8,32.2,40.15
51003,9.45,19.0,28.6
51005,13.05,27.05,39.05
51007,14.7,29.25,39.05
51009,13.45,28.05,39.45
51011,13.25,27.35,38.85
51013,8.25,14.95,25.25
51015,11.75,24.75,40.8
51017,15.5,31.3,38.75
51019,11.8,25.45,36.8
51021,12.15,25.4,36.35
51023,11.25,22.9,34.95
51025,16.65,33.1,43.55
51027,15.3,33.1,38.85
51029,15.1,30.05,43.35
51031,12.75,26.1,35.6
51033,13.0,27.35,41.6
51035,13.7,29.1,41.35
51036,16.55,30.35,41.85
51037,16.3,32.25,42.55
51041,11.6,22.25,36.25
51043,10.65,21.95,32.7
51045,12.25,25.3,36.35
51047,11.85,25.4,38.35
51049,14.1,27.45,39.45
51051,14.75,32.6,39.05
51053,13.25,27.1,40.4
51057,15.75,30.05,42.55
51059,10.1,19.15,23.9
51061,10.55,20.65,32.55
51063,11.7,25.05,32.6
51065,11.25,22.15,38.95
51067,13.05,26.2,34.85
51069,10.7,23.5,37.4
51071,12.2,26.0,36.05
51073,11.35,22.95,35.6
51075,10.45,19.9,32.9
51077,15.3,32.6,41.15
51079,11.55,25.15,37.65
51081,16.35,31.25,45.1
51083,16.8,32.3,40.4
51085,10.45,20.75,32.8
51087,11.55,21.0,32.65
51089,15.7,31.75,42.05
51091,12.3,23.7,33.2
51093,12.3,23.2,36.35
51095,10.8,20.05,32.3
51097,14.8,28.6,40.5
51099,10.95,22.8,35.8
51101,11.25,23.3,34.6
51103,14.85,27.2,35.8
51105,15.45,32.9,42.25
51107,9.2,18.85,27.7
51109,12.5,24.55,36.4
51111,16.8,32.45,45.95
51113,11.95,24.6,37.75
51115,12.65,24.45,35.2
51117,16.1,29.95,41.35
51119,13.65,25.4,38.05
51121,10.3,22.25,29.7
51125,13.15,25.85,35.2
51127,10.9,21.0,34.75
51131,15.7,29.7,39.8
51133,13.8,24.5,36.6
51135,15.6,30.3,43.45
51137,11.55,24.15,37.0
51139,12.4,28.0,34.5
51141,13.9,28.7,39.85
51143,15.25,31.95,41.6
51145,10.75,21.75,35.95
51147,13.9,28.5,39.25
51149,11.9,25.35,39.05
51153,11.1,23.05,34.0
51155,12.45,26.85,35.6
51157,12.4,23.9,35.2
51159,13.9,29.15,37.25
51161,10.75,21.9,34.4
51163,12.05,24.65,34.15
51165,11.2,25.25,33.3
51167,13.75,30.05,39.45
51169,14.25,30.05,38.3
51171,12.55,27.85,36.25
51173,13.6,29.55,38.05
51175,14.0,26.15,38.15
51177,11.85,24.25,40.15
51179,10.45,22.05,35.45
51181,14.85,27.85,39.7
51183,15.3,30.4,45.6
51185,14.15,29.95,40.45
51187,11.7,25.2,37.85
51191,12.05,25.85,38.35
51193,15.75,31.65,41.1
51195,13.9,30.8,43.5
51197,12.65,27.15,38.6
51199,10.25,18.75,31.5
51510,9.85,19.45,31.6
51520,13.3,28.6,39.25
51530,12.4,27.65,38.0
51540,10.95,22.5,34.1
51550,12.2,22.45,39.85
51570,11.4,24.55,37.55
51580,15.0,32.0,40.7
51590,18.25,34.8,42.0
51595,18.3,35.55,44.65
51600,10.65,20.55,31.7
51610,8.35,15.55,28.85
51620,16.6,31.95,44.0
51630,10.9,23.5,40.5
51640,15.1,32.45,39.4
51650,14.4,26.25,40.6
51660,12.05,27.75,36.55
51670,16.9,35.25,45.85
51678,9.15,21.15,32.4
51680,11.75,24.45,38.4
51683,11.9,26.3,35.55
51685,13.85,30.9,38.3
51690,17.25,33.45,44.8
51700,13.4,28.2,41.15
51710,13.15,26.6,40.95
51720,14.0,30.75,40.75
51730,18.1,33.7,46.6
51735,9.9,19.85,33.05
51740,15.35,29.85,40.9
51750,11.45,26.9,37.45
51760,13.2,25.65,38.0
51770,14.15,29.45,41.95
51775,11.2,23.6,35.7
51790,11.8,24.45,36.5
51800,12.9,25.55,42.25
51810,11.75,22.0,36.65
51820,12.3,26.85,38.6
51830,10.35,22.25,34.15
51840,13.55,28.7,37.95
53001,13.2,29.95,37.95
53003,10.95,20.55,35.4
53005,9.9,20.35,36.25
53007,9.7,20.05,29.25
53009,10.15,19.1,31.15
53011,9.0,19.45,35.15
53013,10.45,19.55,32.55
53015,10.35,21.9,40.4
53017,10.25,22.65,35.95
53019,12.75,23.75,40.1
53021,11.05,25.2,35.3
53023,9.9,18.8,30.95
53025,11.15,25.25,38.95
53027,12.05,23.0,36.9
53029,8.95,15.4,31.55
53031,10.55,16.05,28.9
53033,7.25,13.85,22.5
53035,9.05,16.35,31.9
53037,9.3,19.4,35.5
53039,10.2,19.6,32.8
53041,10.85,21.7,38.9
53043,10.0,19.5,37.7
53045,10.7,20.6,35.85
53047,11.85,24.05,32.65
53049,12.4,20.9,36.4
53051,11.3,21.95,38.75
53053,10.25,18.85,36.85
53055,8.95,14.7,24.75
53057,9.65,18.95,33.1
53059,9.7,18.35,32.55
53061,8.7,17.6,30.35
53063,9.65,19.0,34.75
53065,10.85,20.6,34.2
53067,9.6,16.8,31.15
53069,12.2,20.35,39.25
53071,9.9,19.3,34.75
53073,8.35,16.65,26.9
53075,8.65,17.75,30.7
53077,12.5,27.8,39.95
54001,15.35,35.45,43.55
54003,12.75,30.75,38.4
54005,15.2,35.7,46.45
54007,16.75,37.05,41.4
54009,13.6,28.75,40.15
54011,14.05,30.75,44.9
54013,18.1,39.5,40.6
54015,16.5,37.85,41.75
54017,14.8,33.6,41.0
54019,15.85,34.65,40.4
54021,15.0,34.5,43.35
54023,14.4,32.3,43.25
54025,15.1,33.7,40.3
54027,14.65,32.55,39.0
54029,14.55,30.95,43.95
54031,16.6,34.9,41.7
54033,14.1,29.5,40.15
54035,15.3,33.35,42.65
54037,12.3,25.85,38.1
54039,14.0,31.35,40.3
54041,15.15,33.65,40.1
54043,16.45,35.1,45.4
54045,16.2,38.2,44.85
54047,19.5,43.8,46.15
54049,13.65,29.25,42.55
54051,14.4,32.05,37.4
54053,15.1,35.45,41.25
54055,15.4,33.95,40.9
54057,13.45,29.85,39.35
54059,18.1,42.75,43.25
54061,11.45,23.6,33.05
54063,15.5,34.2,41.15
54065,14.5,32.0,39.0
54067,14.7,33.75,40.45
54069,13.5,28.95,39.8
54071,15.4,32.75,36.65
54073,13.55,32.1,43.75
54075,16.45,36.2,40.6
54077,13.95,31.05,37.5
54079,12.7,27.75,38.05
54081,15.95,35.5,43.1
54083,14.35,32.4,46.05
54085,15.6,36.9,42.65
54087,16.95,38.25,41.45
54089,16.85,37.4,39.8
54091,14.25,33.6,41.8
54093,14.4,31.65,39.15
54095,15.2,33.35,42.65
54097,14.9,34.1,36.85
54099,15.0,34.5,42.6
54101,16.8,39.55,42.75
54103,14.75,35.55,42.4
54105,15.7,34.55,42.6
54107,14.8,32.05,43.45
54109,16.5,38.65,44.35
55001,13.95,32.0,40.3
55003,12.35,30.6,41.3
55005,11.5,28.45,38.3
55007,11.55,25.7,39.0
55009,9.9,26.75,41.1
55011,11.1,28.7,39.5
55013,12.75,30.05,38.9
55015,9.4,24.75,33.05
55017,10.55,27.4,41.55
55019,11.35,32.75,38.0
55021,10.15,25.4,33.4
55023,11.95,28.8,37.5
55025,8.15,20.65,32.9
55027,10.25,27.7,42.65
55029,10.8,25.45,36.7
55031,10.55,26.5,40.95
55033,9.6,26.75,39.75
55035,9.15,24.45,30.7
55037,11.75,27.65,37.15
55039,10.4,28.4,43.8
55041,14.35,33.85,45.9
55043,10.9,30.95,41.8
55045,10.0,25.6,40.1
55047,11.9,31.0,40.4
55049,9.95,27.4,38.45
55051,12.2,28.5,34.65
55053,12.0,30.45,40.3
55055,9.8,27.2,40.8
55057,12.55,31.1,41.9
55059,10.7,27.0,40.1
55061,10.65,27.25,41.2
55063,9.7,25.05,38.25
55065,11.15,29.7,41.9
55067,12.05,31.55,37.1
55069,11.3,28.9,42.45
55071,10.7,29.2,39.0
55073,9.85,27.15,36.15
55075,11.9,28.85,37.7
55077,12.35,31.35,43.2
55078,16.75,36.3,45.4
55079,12.75,27.75,38.7
55081,11.6,31.25,44.2
55083,11.15,28.55,42.35
55085,11.55,25.35,35.05
55087,9.6,25.15,36.5
55089,8.95,21.3,30.35
55091,10.7,26.6,36.5
55093,9.35,24.6,33.75
55095,10.8,25.9,35.4
55097,9.15,24.5,35.8
55099,12.4,30.0,42.35
55101,11.45,30.65,42.25
55103,11.85,30.45,37.55
55105,11.3,29.0,41.8
55107,12.75,29.95,41.0
55109,8.85,23.6,35.9
55111,11.05,29.0,40.3
55113,12.8,29.8,34.25
55115,11.3,28.9,40.3
55117,10.4,28.3,36.5
55119,11.15,30.9,44.2
55121,11.05,28.2,41.2
55123,11.3,28.55,38.75
55125,11.35,27.0,38.35
55127,10.2,25.65,38.85
55129,12.05,29.3,35.35
55131,9.3,21.95,36.15
55133,9.35,20.3,33.25
55135,11.55,27.7,38.0
55137,12.3,30.6,39.6
55139,10.55,27.4,40.3
55141,11.15,27.15,39.95
56001,8.35,18.5,28.8
56003,11.2,27.1,33.85
56005,9.5,25.8,35.6
56007,11.8,29.85,38.45
56009,10.4,25.75,37.1
56011,9.95,23.45,32.35
56013,11.25,26.55,34.0
56015,11.0,26.1,37.15
56017,12.25,26.8,35.3
56019,11.2,27.05,35.6
56021,9.9,27.15,33.85
56023,10.15,23.75,35.1
56025,10.35,25.9,36.5
56027,11.4,29.05,36.45
56029,10.2,23.9,31.65
56031,11.55,27.9,35.9
56033,9.65,22.1,30.55
56035,9.8,23.3,33.1
56037,10.55,27.0,36.15
56039,7.85,18.0,23.75
56041,10.15,25.45,34.25
56043,12.0,29.05,33.35
56045,11.15,27.35,35.6
