fips,hpsa_score,hpsa_score_norm,shortage_flag
01001,13.0,0.52,0
01003,13.67,0.55,0
01005,11.82,0.47,0
01007,17.0,0.68,1
01009,11.0,0.44,0
01011,17.67,0.71,1
01013,16.0,0.64,1
01015,5.6,0.22,0
01017,17.0,0.68,1
01019,12.22,0.49,0
01021,12.0,0.48,0
01023,8.4,0.34,0
01025,7.5,0.3,0
01027,11.75,0.47,0
01029,14.0,0.56,0
01031,6.5,0.26,0
01033,14.33,0.57,0
01035,13.0,0.52,0
01037,14.0,0.56,0
01039,5.56,0.22,0
01041,11.0,0.44,0
01043,14.5,0.58,0
01045,11.0,0.44,0
01047,12.4,0.5,0
01049,2.89,0.12,0
01051,14.17,0.57,0
01053,8.18,0.33,0
01055,1.0,0.04,0
01057,9.5,0.38,0
01059,5.0,0.2,0
01061,13.0,0.52,0
01063,21.0,0.84,1
01065,20.67,0.83,1
01067,7.67,0.31,0
01069,6.0,0.24,0
01071,4.38,0.18,0
01073,10.43,0.42,0
01075,15.5,0.62,1
01077,3.17,0.13,0
01079,14.5,0.58,0
01081,16.0,0.64,1
01083,7.33,0.29,0
01085,3.2,0.13,0
01087,17.38,0.7,1
01089,14.85,0.59,0
01091,2.43,0.1,0
01093,15.0,0.6,1
01095,4.44,0.18,0
01097,1.64,0.07,0
01099,6.25,0.25,0
01101,15.08,0.6,1
01103,8.0,0.32,0
01105,18.0,0.72,1
01107,20.0,0.8,1
01109,12.67,0.51,0
01111,11.83,0.47,0
01113,9.25,0.37,0
01115,8.6,0.34,0
01117,0.0,0.0,0
01119,8.86,0.35,0
01121,11.78,0.47,0
01123,14.61,0.58,0
01125,8.86,0.35,0
01127,16.67,0.67,1
01129,16.0,0.64,1
01131,10.7,0.43,0
01133,12.33,0.49,0
02013,9.38,0.38,0
02016,8.0,0.32,0
02020,3.89,0.16,0
02050,16.91,0.68,1
02060,5.5,0.22,0
02063,7.88,0.32,0
02066,9.17,0.37,0
02068,10.25,0.41,0
02070,7.36,0.29,0
02090,9.67,0.39,0
02100,4.44,0.18,0
02105,9.0,0.36,0
02110,6.38,0.26,0
02122,7.5,0.3,0
02130,15.71,0.63,1
02150,5.8,0.23,0
02158,18.56,0.74,1
02164,9.56,0.38,0
02170,9.05,0.36,0
02180,13.88,0.56,0
02185,16.5,0.66,1
02188,16.24,0.65,1
02195,8.5,0.34,0
02198,10.53,0.42,0
02220,5.88,0.24,0
02230,10.0,0.4,0
02240,12.33,0.49,0
02261,5.8,0.23,0
02275,9.14,0.37,0
02282,7.0,0.28,0
02290,9.45,0.38,0
04001,12.98,0.52,0
04003,11.9,0.48,0
04005,13.59,0.54,0
04007,11.16,0.45,0
04009,12.52,0.5,0
04011,11.75,0.47,0
04012,15.7,0.63,1
04013,13.28,0.53,0
04015,9.09,0.36,0
04017,13.71,0.55,0
04019,13.45,0.54,0
04021,12.58,0.5,0
04023,13.94,0.56,0
04025,13.08,0.52,0
04027,8.74,0.35,0
05001,7.46,0.3,0
05003,14.75,0.59,0
05005,11.55,0.46,0
05007,13.2,0.53,0
05009,10.0,0.4,0
05011,2.64,0.11,0
05013,11.67,0.47,0
05015,17.0,0.68,1
05017,6.64,0.27,0
05019,14.0,0.56,0
05021,15.4,0.62,1
05023,4.55,0.18,0
05025,11.0,0.44,0
05027,15.0,0.6,1
05029,7.67,0.31,0
05031,13.0,0.52,0
05033,2.31,0.09,0
05035,16.91,0.68,1
05037,7.0,0.28,0
05039,4.8,0.19,0
05041,3.14,0.13,0
05043,7.0,0.28,0
05045,8.4,0.34,0
05047,6.55,0.26,0
05049,6.33,0.25,0
05051,16.0,0.64,1
05053,12.5,0.5,0
05055,12.0,0.48,0
05057,18.0,0.72,1
05059,10.67,0.43,0
05061,4.44,0.18,0
05063,17.0,0.68,1
05065,4.6,0.18,0
05067,7.4,0.3,0
05069,4.93,0.2,0
05071,9.86,0.39,0
05073,13.33,0.53,0
05075,13.67,0.55,0
05077,14.5,0.58,0
05079,4.44,0.18,0
05081,12.0,0.48,0
05083,12.86,0.51,0
05085,11.22,0.45,0
05087,7.67,0.31,0
05089,11.25,0.45,0
05091,15.0,0.6,1
05093,3.4,0.14,0
05095,3.15,0.13,0
05097,16.0,0.64,1
05099,3.75,0.15,0
05101,16.5,0.66,1
05103,10.27,0.41,0
05105,2.45,0.1,0
05107,0.93,0.04,0
05109,3.0,0.12,0
05111,6.75,0.27,0
05113,16.8,0.67,1
05115,16.33,0.65,1
05117,13.0,0.52,0
05119,10.08,0.4,0
05121,14.5,0.58,0
05123,9.5,0.38,0
05125,17.0,0.68,1
05127,12.0,0.48,0
05129,14.0,0.56,0
05131,2.5,0.1,0
05133,10.33,0.41,0
05135,6.45,0.26,0
05137,16.0,0.64,1
05139,14.42,0.58,0
05141,9.0,0.36,0
05143,12.94,0.52,0
05145,4.9,0.2,0
05147,6.82,0.27,0
05149,2.42,0.1,0
06001,3.14,0.13,0
06003,5.0,0.2,0
06005,7.5,0.3,0
06007,9.58,0.38,0
06009,6.72,0.27,0
06011,9.7,0.39,0
06013,0.26,0.01,0
06015,13.6,0.54,0
06017,11.26,0.45,0
06019,12.25,0.49,0
06021,6.96,0.28,0
06023,9.7,0.39,0
06025,9.42,0.38,0
06027,11.21,0.45,0
06029,13.07,0.52,0
06031,11.64,0.47,0
06033,12.56,0.5,0
06035,10.72,0.43,0
06037,9.9,0.4,0
06039,13.25,0.53,0
06041,5.58,0.22,0
06043,10.91,0.44,0
06045,7.7,0.31,0
06047,9.12,0.36,0
06049,8.21,0.33,0
06051,3.86,0.15,0
06053,11.78,0.47,0
06055,2.45,0.1,0
06057,7.32,0.29,0
06059,11.5,0.46,0
06061,3.08,0.12,0
06063,8.97,0.36,0
06065,11.48,0.46,0
06067,9.84,0.39,0
06069,5.31,0.21,0
06071,13.31,0.53,0
06073,2.49,0.1,0
06075,6.08,0.24,0
06077,8.86,0.35,0
06079,1.7,0.07,0
06081,9.62,0.38,0
06083,9.17,0.37,0
06085,7.32,0.29,0
06087,5.78,0.23,0
06089,7.01,0.28,0
06091,6.75,0.27,0
06093,10.98,0.44,0
06095,6.8,0.27,0
06097,1.86,0.07,0
06099,6.22,0.25,0
06101,3.0,0.12,0
06103,11.02,0.44,0
06105,15.11,0.6,1
06107,11.68,0.47,0
06109,11.59,0.46,0
06111,12.28,0.49,0
06113,5.5,0.22,0
06115,13.26,0.53,0
08001,14.29,0.57,0
08003,7.33,0.29,0
08005,13.61,0.54,0
08007,11.8,0.47,0
08009,12.2,0.49,0
08011,6.0,0.24,0
08013,11.51,0.46,0
08015,9.83,0.39,0
08017,11.17,0.45,0
08019,17.0,0.68,1
08021,14.5,0.58,0
08023,22.0,0.88,1
08025,9.0,0.36,0
08027,14.0,0.56,0
08029,6.67,0.27,0
08031,12.68,0.51,0
08033,17.5,0.7,1
08035,0.0,0.0,0
08037,0.0,0.0,0
08039,8.57,0.34,0
08041,14.69,0.59,0
08043,10.42,0.42,0
08045,7.22,0.29,0
08047,16.0,0.64,1
08049,14.5,0.58,0
08051,13.8,0.55,0
08053,6.67,0.27,0
08055,6.12,0.24,0
08057,14.6,0.58,0
08059,14.5,0.58,0
08061,10.33,0.41,0
08063,3.12,0.12,0
08065,16.0,0.64,1
08067,11.33,0.45,0
08069,9.73,0.39,0
08071,11.25,0.45,0
08073,12.86,0.51,0
08075,4.22,0.17,0
08077,12.4,0.5,0
08079,3.5,0.14,0
08081,7.23,0.29,0
08083,16.11,0.64,1
08085,14.64,0.59,0
08087,12.2,0.49,0
08089,8.22,0.33,0
08091,14.0,0.56,0
08093,2.0,0.08,0
08095,4.6,0.18,0
08099,12.25,0.49,0
08101,9.2,0.37,0
08103,7.25,0.29,0
08105,19.33,0.77,1
08107,10.5,0.42,0
08109,18.0,0.72,1
08111,7.0,0.28,0
08113,11.0,0.44,0
08115,9.83,0.39,0
08117,21.0,0.84,1
08119,10.0,0.4,0
08121,13.5,0.54,0
08123,15.81,0.63,1
08125,8.67,0.35,0
09001,3.93,0.16,0
09003,1.85,0.07,0
09005,16.0,0.64,1
09007,13.0,0.52,0
09009,2.15,0.09,0
09011,1.55,0.06,0
09013,3.71,0.15,0
09015,3.38,0.14,0
09110,13.53,0.54,0
09120,18.67,0.75,1
09130,13.8,0.55,0
09140,10.5,0.42,0
09150,8.0,0.32,0
09160,14.5,0.58,0
09170,16.0,0.64,1
09180,13.43,0.54,0
09190,12.22,0.49,0
10001,4.12,0.16,0
10003,15.96,0.64,1
10005,3.3,0.13,0
11001,13.85,0.55,0
12001,1.89,0.08,0
12003,13.64,0.55,0
12005,0.96,0.04,0
12007,13.86,0.55,0
12009,12.73,0.51,0
12011,14.43,0.58,0
12013,9.33,0.37,0
12015,11.2,0.45,0
12017,11.91,0.48,0
12019,13.89,0.56,0
12021,13.13,0.53,0
12023,11.3,0.45,0
12027,13.33,0.53,0
12029,16.0,0.64,1
12031,17.64,0.71,1
12033,8.21,0.33,0
12035,16.0,0.64,1
12037,13.11,0.52,0
12039,14.0,0.56,0
12041,12.5,0.5,0
12043,15.0,0.6,1
12045,12.67,0.51,0
12047,15.0,0.6,1
12049,7.0,0.28,0
12051,9.2,0.37,0
12053,11.0,0.44,0
12055,15.5,0.62,1
12057,14.38,0.58,0
12059,13.33,0.53,0
12061,10.8,0.43,0
12063,8.11,0.32,0
12065,10.86,0.43,0
12067,15.67,0.63,1
12069,7.84,0.31,0
12071,13.79,0.55,0
12073,8.67,0.35,0
12075,11.64,0.47,0
12077,12.33,0.49,0
12079,13.6,0.54,0
12081,8.89,0.36,0
12083,13.18,0.53,0
12085,7.33,0.29,0
12086,13.43,0.54,0
12087,5.0,0.2,0
12089,6.56,0.26,0
12091,7.86,0.31,0
12093,7.0,0.28,0
12095,16.11,0.64,1
12097,10.0,0.4,0
12099,14.98,0.6,0
12101,7.75,0.31,0
12103,13.97,0.56,0
12105,13.84,0.55,0
12107,12.88,0.52,0
12109,13.94,0.56,0
12111,5.5,0.22,0
12113,14.85,0.59,0
12115,12.46,0.5,0
12117,13.76,0.55,0
12119,14.1,0.56,0
12121,17.67,0.71,1
12123,15.6,0.62,1
12125,9.6,0.38,0
12127,12.6,0.5,0
12129,14.75,0.59,0
12131,16.0,0.64,1
12133,11.2,0.45,0
13001,12.0,0.48,0
13003,16.5,0.66,1
13005,17.0,0.68,1
13007,8.0,0.32,0
13009,12.0,0.48,0
13011,17.0,0.68,1
13013,8.0,0.32,0
13015,8.0,0.32,0
13017,20.0,0.8,1
13019,7.0,0.28,0
13021,15.0,0.6,1
13023,12.25,0.49,0
13025,15.0,0.6,1
13027,17.0,0.68,1
13029,0.0,0.0,0
13031,20.0,0.8,1
13033,13.4,0.54,0
13035,13.0,0.52,0
13037,13.5,0.54,0
13039,8.5,0.34,0
13043,21.0,0.84,1
13045,17.0,0.68,1
13047,15.0,0.6,1
13049,9.17,0.37,0
13051,10.66,0.43,0
13053,8.0,0.32,0
13055,10.0,0.4,0
13057,0.0,0.0,0
13059,8.2,0.33,0
13061,10.33,0.41,0
13063,10.0,0.4,0
13065,11.0,0.44,0
13067,9.75,0.39,0
13069,19.5,0.78,1
13071,18.62,0.74,1
13073,18.0,0.72,1
13075,12.33,0.49,0
13079,14.0,0.56,0
13081,16.4,0.66,1
13083,13.25,0.53,0
13085,8.5,0.34,0
13087,22.0,0.88,1
13089,13.52,0.54,0
13091,2.82,0.11,0
13093,12.8,0.51,0
13095,14.06,0.56,0
13097,9.0,0.36,0
13099,18.0,0.72,1
13101,12.0,0.48,0
13103,7.56,0.3,0
13105,19.5,0.78,1
13107,10.14,0.41,0
13109,10.5,0.42,0
13111,12.33,0.49,0
13113,0.0,0.0,0
13115,18.0,0.72,1
13117,7.0,0.28,0
13119,18.0,0.72,1
13121,12.73,0.51,0
13123,8.0,0.32,0
13125,10.67,0.43,0
13127,20.33,0.81,1
13129,16.0,0.64,1
13131,19.0,0.76,1
13133,14.0,0.56,0
13135,15.48,0.62,1
13137,9.5,0.38,0
13139,4.67,0.19,0
13141,18.33,0.73,1
13143,13.0,0.52,0
13145,10.0,0.4,0
13147,6.75,0.27,0
13149,12.0,0.48,0
13151,0.0,0.0,0
13153,3.2,0.13,0
13155,11.5,0.46,0
13157,5.67,0.23,0
13159,14.5,0.58,0
13161,11.0,0.44,0
13163,16.83,0.67,1
13165,12.0,0.48,0
13167,18.0,0.72,1
13169,5.33,0.21,0
13171,10.0,0.4,0
13173,13.0,0.52,0
13175,9.5,0.38,0
13177,12.0,0.48,0
13179,15.5,0.62,1
13181,15.67,0.63,1
13183,13.0,0.52,0
13185,11.0,0.44,0
13187,16.0,0.64,1
13189,20.0,0.8,1
13191,12.33,0.49,0
13193,18.0,0.72,1
13195,12.0,0.48,0
13197,15.5,0.62,1
13199,14.0,0.56,0
13201,20.5,0.82,1
13205,15.29,0.61,1
13207,11.75,0.47,0
13209,13.0,0.52,0
13211,8.0,0.32,0
13213,8.0,0.32,0
13215,3.88,0.16,0
13217,0.0,0.0,0
13221,8.67,0.35,0
13223,6.0,0.24,0
13225,13.0,0.52,0
13227,6.75,0.27,0
13229,18.0,0.72,1
13231,14.0,0.56,0
13233,8.5,0.34,0
13235,10.5,0.42,0
13237,8.67,0.35,0
13239,18.0,0.72,1
13241,7.25,0.29,0
13243,13.0,0.52,0
13245,19.05,0.76,1
13247,15.0,0.6,1
13249,16.0,0.64,1
13251,16.0,0.64,1
13253,14.67,0.59,0
13255,10.5,0.42,0
13257,17.0,0.68,1
13259,20.0,0.8,1
13261,9.0,0.36,0
13263,17.0,0.68,1
13265,10.0,0.4,0
13267,9.62,0.38,0
13269,10.0,0.4,0
13271,22.0,0.88,1
13273,13.0,0.52,0
13275,20.0,0.8,1
13277,18.0,0.72,1
13279,20.0,0.8,1
13281,14.5,0.58,0
13283,14.0,0.56,0
13285,9.0,0.36,0
13287,7.33,0.29,0
13289,20.5,0.82,1
13291,8.5,0.34,0
13293,19.0,0.76,1
13295,1.73,0.07,0
13297,8.5,0.34,0
13299,14.67,0.59,0
13301,11.5,0.46,0
13303,14.33,0.57,0
13305,11.5,0.46,0
13307,15.0,0.6,1
13309,11.33,0.45,0
13311,5.0,0.2,0
13313,16.0,0.64,1
13315,15.5,0.62,1
13317,13.33,0.53,0
13319,10.0,0.4,0
13321,19.67,0.79,1
15001,10.92,0.44,0
15003,10.72,0.43,0
15005,11.67,0.47,0
15007,5.25,0.21,0
15009,9.74,0.39,0
16001,7.67,0.31,0
16003,11.5,0.46,0
16005,4.64,0.19,0
16007,8.43,0.34,0
16009,16.2,0.65,1
16011,12.92,0.52,0
16013,13.5,0.54,0
16015,14.0,0.56,0
16017,3.0,0.12,0
16019,12.13,0.49,0
16021,11.71,0.47,0
16023,8.67,0.35,0
16025,8.0,0.32,0
16027,7.3,0.29,0
16029,7.0,0.28,0
16031,3.5,0.14,0
16033,7.0,0.28,0
16035,7.0,0.28,0
16037,6.0,0.24,0
16039,10.17,0.41,0
16041,6.0,0.24,0
16043,14.5,0.58,0
16045,9.33,0.37,0
16047,7.75,0.31,0
16049,5.62,0.22,0
16051,3.25,0.13,0
16053,8.33,0.33,0
16055,8.0,0.32,0
16057,14.33,0.57,0
16059,15.0,0.6,1
16061,3.0,0.12,0
16063,15.5,0.62,1
16065,8.5,0.34,0
16067,7.0,0.28,0
16069,15.33,0.61,1
16071,11.6,0.46,0
16073,3.62,0.14,0
16075,8.71,0.35,0
16077,7.67,0.31,0
16079,15.5,0.62,1
16081,9.0,0.36,0
16083,2.3,0.09,0
16085,11.7,0.47,0
16087,12.0,0.48,0
17001,15.62,0.62,1
17003,20.0,0.8,1
17005,6.14,0.25,0
17007,15.75,0.63,1
17009,12.8,0.51,0
17011,9.75,0.39,0
17013,13.0,0.52,0
17015,17.0,0.68,1
17017,12.75,0.51,0
17019,8.0,0.32,0
17021,18.0,0.72,1
17023,12.43,0.5,0
17025,15.8,0.63,1
17027,12.0,0.48,0
17029,16.0,0.64,1
17031,12.32,0.49,0
17033,15.5,0.62,1
17035,8.0,0.32,0
17037,10.2,0.41,0
17039,13.0,0.52,0
17041,13.5,0.54,0
17043,19.0,0.76,1
17045,13.8,0.55,0
17047,12.8,0.51,0
17049,4.8,0.19,0
17051,15.75,0.63,1
17053,8.25,0.33,0
17055,11.25,0.45,0
17057,1.38,0.06,0
17059,13.5,0.54,0
17061,14.5,0.58,0
17065,12.4,0.5,0
17067,7.1,0.28,0
17069,12.0,0.48,0
17071,15.25,0.61,1
17073,13.57,0.54,0
17075,11.44,0.46,0
17077,5.59,0.22,0
17079,3.2,0.13,0
17081,9.57,0.38,0
17083,8.12,0.32,0
17085,0.65,0.03,0
17087,11.0,0.44,0
17089,7.46,0.3,0
17091,2.07,0.08,0
17093,7.0,0.28,0
17095,3.41,0.14,0
17097,12.79,0.51,0
17099,9.36,0.37,0
17101,15.33,0.61,1
17103,7.57,0.3,0
17105,9.32,0.37,0
17107,8.6,0.34,0
17109,11.33,0.45,0
17113,11.79,0.47,0
17115,13.85,0.55,0
17117,11.5,0.46,0
17119,11.82,0.47,0
17121,1.42,0.06,0
17123,9.0,0.36,0
17125,9.0,0.36,0
17127,16.67,0.67,1
17129,10.0,0.4,0
17131,14.0,0.56,0
17133,6.0,0.24,0
17135,14.5,0.58,0
17137,3.0,0.12,0
17139,7.67,0.31,0
17141,1.42,0.06,0
17143,3.0,0.12,0
17145,13.0,0.52,0
17147,8.0,0.32,0
17149,13.0,0.52,0
17151,14.0,0.56,0
17153,19.5,0.78,1
17155,7.67,0.31,0
17157,9.96,0.4,0
17159,15.33,0.61,1
17161,14.21,0.57,0
17163,10.81,0.43,0
17165,17.33,0.69,1
17167,2.55,0.1,0
17169,14.5,0.58,0
17171,14.67,0.59,0
17173,13.5,0.54,0
17175,12.75,0.51,0
17177,4.0,0.16,0
17179,9.72,0.39,0
17181,18.0,0.72,1
17183,14.46,0.58,0
17185,11.0,0.44,0
17187,8.0,0.32,0
17189,2.07,0.08,0
17191,10.67,0.43,0
17193,13.6,0.54,0
17195,5.29,0.21,0
17197,8.44,0.34,0
17199,11.77,0.47,0
17201,7.62,0.3,0
17203,4.44,0.18,0
18001,14.4,0.58,0
18003,13.7,0.55,0
18007,8.0,0.32,0
18009,12.75,0.51,0
18013,10.75,0.43,0
18015,7.5,0.3,0
18017,14.0,0.56,0
18019,17.0,0.68,1
18021,8.45,0.34,0
18023,9.0,0.36,0
18025,5.0,0.2,0
18027,6.67,0.27,0
18029,0.0,0.0,0
18031,7.5,0.3,0
18033,8.75,0.35,0
18035,14.0,0.56,0
18039,6.68,0.27,0
18041,10.0,0.4,0
18043,12.0,0.48,0
18045,12.33,0.49,0
18047,7.0,0.28,0
18049,8.75,0.35,0
18051,11.55,0.46,0
18053,16.0,0.64,1
18055,8.71,0.35,0
18057,19.0,0.76,1
18061,1.14,0.05,0
18063,7.0,0.28,0
18065,11.42,0.46,0
18067,1.0,0.04,0
18069,12.17,0.49,0
18071,13.0,0.52,0
18073,7.29,0.29,0
18075,6.5,0.26,0
18077,8.0,0.32,0
18079,11.6,0.46,0
18081,12.5,0.5,0
18083,8.33,0.33,0
18085,18.0,0.72,1
18087,3.5,0.14,0
18089,11.32,0.45,0
18091,4.0,0.16,0
18093,11.0,0.44,0
18095,2.36,0.09,0
18097,7.02,0.28,0
18099,16.0,0.64,1
18101,11.33,0.45,0
18103,5.8,0.23,0
18105,14.0,0.56,0
18107,12.0,0.48,0
18109,9.0,0.36,0
18111,14.5,0.58,0
18113,7.67,0.31,0
18115,7.0,0.28,0
18117,14.86,0.59,0
18119,10.0,0.4,0
18121,9.67,0.39,0
18123,12.33,0.49,0
18125,11.0,0.44,0
18127,12.0,0.48,0
18129,12.0,0.48,0
18131,5.5,0.22,0
18133,9.33,0.37,0
18135,8.75,0.35,0
18137,1.62,0.06,0
18139,7.75,0.31,0
18141,13.62,0.54,0
18143,10.75,0.43,0
18145,5.33,0.21,0
18147,5.5,0.22,0
18149,13.0,0.52,0
18151,10.73,0.43,0
18153,8.5,0.34,0
18155,11.8,0.47,0
18157,13.6,0.54,0
18161,9.0,0.36,0
18163,14.24,0.57,0
18165,7.57,0.3,0
18167,16.25,0.65,1
18169,14.0,0.56,0
18171,12.33,0.49,0
18175,1.53,0.06,0
18177,10.4,0.42,0
18181,6.43,0.26,0
18183,3.0,0.12,0
19001,1.05,0.04,0
19003,11.5,0.46,0
19005,8.33,0.33,0
19007,4.75,0.19,0
19009,8.75,0.35,0
19011,3.13,0.13,0
19013,0.69,0.03,0
19015,5.81,0.23,0
19017,5.75,0.23,0
19019,12.0,0.48,0
19021,10.25,0.41,0
19023,12.6,0.5,0
19025,7.23,0.29,0
19027,5.0,0.2,0
19029,15.16,0.61,1
19031,1.37,0.05,0
19033,2.83,0.11,0
19035,3.67,0.15,0
19037,11.25,0.45,0
19039,2.24,0.09,0
19041,15.0,0.6,1
19043,2.72,0.11,0
19045,1.19,0.05,0
19047,9.33,0.37,0
19049,7.8,0.31,0
19051,6.33,0.25,0
19053,1.2,0.05,0
19055,2.93,0.12,0
19057,17.67,0.71,1
19059,0.0,0.0,0
19061,6.16,0.25,0
19063,14.0,0.56,0
19065,3.77,0.15,0
19067,15.0,0.6,1
19069,6.0,0.24,0
19071,3.04,0.12,0
19073,10.27,0.41,0
19075,6.35,0.25,0
19077,6.04,0.24,0
19079,5.07,0.2,0
19081,1.11,0.04,0
19083,3.67,0.15,0
19085,1.78,0.07,0
19087,11.7,0.47,0
19089,1.15,0.05,0
19091,1.82,0.07,0
19093,9.4,0.38,0
19095,0.0,0.0,0
19097,2.33,0.09,0
19099,7.5,0.3,0
19101,6.3,0.25,0
19103,8.72,0.35,0
19105,1.91,0.08,0
19107,1.85,0.07,0
19109,0.44,0.02,0
19111,4.39,0.18,0
19113,0.52,0.02,0
19115,4.87,0.19,0
19117,2.74,0.11,0
19119,0.18,0.01,0
19121,0.68,0.03,0
19123,16.0,0.64,1
19125,0.0,0.0,0
19127,16.0,0.64,1
19129,0.0,0.0,0
19131,11.67,0.47,0
19133,2.33,0.09,0
19135,0.0,0.0,0
19137,15.0,0.6,1
19139,3.2,0.13,0
19141,10.33,0.41,0
19143,8.0,0.32,0
19145,6.8,0.27,0
19147,9.17,0.37,0
19149,9.38,0.38,0
19151,8.75,0.35,0
19153,13.36,0.53,0
19155,8.89,0.36,0
19157,6.0,0.24,0
19159,5.5,0.22,0
19161,2.67,0.11,0
19163,9.09,0.36,0
19165,4.12,0.16,0
19167,5.89,0.24,0
19169,5.67,0.23,0
19171,14.33,0.57,0
19173,4.0,0.16,0
19175,1.0,0.04,0
19177,6.79,0.27,0
19179,16.0,0.64,1
19181,0.0,0.0,0
19183,12.8,0.51,0
19185,1.79,0.07,0
19187,7.06,0.28,0
19189,15.0,0.6,1
19191,0.0,0.0,0
19193,3.15,0.13,0
19195,0.0,0.0,0
19197,14.8,0.59,0
20001,13.0,0.52,0
20003,12.67,0.51,0
20005,8.5,0.34,0
20007,12.33,0.49,0
20009,12.0,0.48,0
20011,15.0,0.6,1
20013,7.0,0.28,0
20015,11.75,0.47,0
20017,13.0,0.52,0
20019,16.0,0.64,1
20021,16.0,0.64,1
20023,14.25,0.57,0
20025,5.67,0.23,0
20027,9.25,0.37,0
20029,13.5,0.54,0
20031,1.57,0.06,0
20033,14.0,0.56,0
20035,13.57,0.54,0
20037,19.5,0.78,1
20039,14.0,0.56,0
20041,1.45,0.06,0
20043,14.0,0.56,0
20045,15.75,0.63,1
20047,6.33,0.25,0
20049,15.0,0.6,1
20051,9.33,0.37,0
20053,8.5,0.34,0
20055,16.5,0.66,1
20057,13.0,0.52,0
20059,7.67,0.31,0
20061,16.0,0.64,1
20063,6.75,0.27,0
20065,11.5,0.46,0
20067,11.67,0.47,0
20069,13.0,0.52,0
20071,10.67,0.43,0
20073,7.5,0.3,0
20075,10.0,0.4,0
20077,14.67,0.59,0
20079,8.0,0.32,0
20081,13.5,0.54,0
20083,13.0,0.52,0
20085,10.89,0.44,0
20087,8.0,0.32,0
20089,14.0,0.56,0
20091,18.0,0.72,1
20093,8.75,0.35,0
20095,2.82,0.11,0
20097,11.0,0.44,0
20099,14.86,0.59,0
20101,13.0,0.52,0
20103,4.0,0.16,0
20105,9.5,0.38,0
20107,11.0,0.44,0
20109,2.2,0.09,0
20111,3.27,0.13,0
20113,0.0,0.0,0
20115,0.39,0.02,0
20117,6.0,0.24,0
20119,10.0,0.4,0
20121,10.25,0.41,0
20123,8.5,0.34,0
20125,13.8,0.55,0
20127,5.0,0.2,0
20129,13.67,0.55,0
20131,3.43,0.14,0
20133,11.56,0.46,0
20135,11.0,0.44,0
20137,12.5,0.5,0
20139,12.0,0.48,0
20141,11.33,0.45,0
20143,7.0,0.28,0
20145,9.67,0.39,0
20147,11.25,0.45,0
20149,9.67,0.39,0
20151,14.5,0.58,0
20153,9.0,0.36,0
20155,3.08,0.12,0
20157,9.33,0.37,0
20159,8.0,0.32,0
20161,15.0,0.6,1
20163,8.5,0.34,0
20165,10.67,0.43,0
20167,12.25,0.49,0
20169,1.41,0.06,0
20171,9.5,0.38,0
20173,6.59,0.26,0
20175,13.0,0.52,0
20177,2.12,0.08,0
20179,7.2,0.29,0
20181,14.67,0.59,0
20183,9.5,0.38,0
20185,7.0,0.28,0
20187,11.0,0.44,0
20189,13.0,0.52,0
20191,2.67,0.11,0
20193,3.0,0.12,0
20195,8.0,0.32,0
20197,11.0,0.44,0
20199,11.8,0.47,0
20201,8.33,0.33,0
20203,10.25,0.41,0
20205,8.25,0.33,0
20207,0.69,0.03,0
20209,7.67,0.31,0
21001,14.67,0.59,0
21003,15.2,0.61,1
21005,10.33,0.41,0
21007,10.67,0.43,0
21009,14.0,0.56,0
21011,12.0,0.48,0
21013,14.17,0.57,0
21017,9.67,0.39,0
21019,1.88,0.08,0
21021,11.5,0.46,0
21023,10.0,0.4,0
21025,7.75,0.31,0
21027,13.33,0.53,0
21029,14.64,0.59,0
21031,10.5,0.42,0
21033,13.25,0.53,0
21035,17.0,0.68,1
21037,11.55,0.46,0
21039,9.5,0.38,0
21041,9.67,0.39,0
21043,14.67,0.59,0
21045,15.5,0.62,1
21047,16.0,0.64,1
21049,10.75,0.43,0
21051,10.12,0.4,0
21053,8.4,0.34,0
21055,14.25,0.57,0
21057,12.4,0.5,0
21059,11.0,0.44,0
21061,12.71,0.51,0
21063,13.29,0.53,0
21065,15.43,0.62,1
21067,5.79,0.23,0
21069,9.33,0.37,0
21071,10.44,0.42,0
21073,17.5,0.7,1
21075,15.67,0.63,1
21077,16.67,0.67,1
21079,12.11,0.48,0
21081,8.0,0.32,0
21083,13.33,0.53,0
21085,5.67,0.23,0
21087,12.33,0.49,0
21089,5.67,0.23,0
21091,15.75,0.63,1
21093,12.31,0.49,0
21095,11.24,0.45,0
21097,16.0,0.64,1
21099,12.9,0.52,0
21101,20.0,0.8,1
21103,14.4,0.58,0
21105,9.0,0.36,0
21107,10.33,0.41,0
21109,18.0,0.72,1
21111,15.31,0.61,1
21113,0.0,0.0,0
21115,9.67,0.39,0
21119,7.0,0.28,0
21121,16.1,0.64,1
21123,9.5,0.38,0
21125,15.58,0.62,1
21127,13.75,0.55,0
21129,15.78,0.63,1
21131,14.75,0.59,0
21133,8.0,0.32,0
21135,6.71,0.27,0
21137,8.57,0.34,0
21139,13.17,0.53,0
21141,8.0,0.32,0
21143,10.0,0.4,0
21145,13.38,0.54,0
21147,17.3,0.69,1
21149,17.67,0.71,1
21151,13.23,0.53,0
21153,17.0,0.68,1
21155,16.5,0.66,1
21157,13.33,0.53,0
21159,14.0,0.56,0
21161,16.0,0.64,1
21163,12.5,0.5,0
21165,12.33,0.49,0
21167,11.0,0.44,0
21169,11.0,0.44,0
21171,16.0,0.64,1
21173,13.6,0.54,0
21175,16.0,0.64,1
21177,16.75,0.67,1
21179,13.78,0.55,0
21181,10.67,0.43,0
21183,6.2,0.25,0
21185,9.0,0.36,0
21187,8.5,0.34,0
21189,17.4,0.7,1
21191,8.5,0.34,0
21193,4.83,0.19,0
21195,6.74,0.27,0
21197,13.56,0.54,0
21199,14.6,0.58,0
21201,14.67,0.59,0
21203,12.88,0.52,0
21205,17.0,0.68,1
21207,13.5,0.54,0
21209,0.0,0.0,0
21211,12.29,0.49,0
21213,12.75,0.51,0
21215,9.25,0.37,0
21217,17.2,0.69,1
21219,12.75,0.51,0
21221,11.25,0.45,0
21223,15.0,0.6,1
21225,15.83,0.63,1
21227,12.38,0.5,0
21229,11.6,0.46,0
21231,12.71,0.51,0
21233,15.4,0.62,1
21235,12.46,0.5,0
21237,12.75,0.51,0
22001,12.5,0.5,0
22003,12.42,0.5,0
22005,7.47,0.3,0
22007,16.0,0.64,1
22009,19.23,0.77,1
22011,6.41,0.26,0
22013,19.0,0.76,1
22015,6.0,0.24,0
22017,11.5,0.46,0
22019,11.99,0.48,0
22021,12.6,0.5,0
22023,13.0,0.52,0
22025,18.0,0.72,1
22027,14.25,0.57,0
22029,17.0,0.68,1
22031,18.5,0.74,1
22033,12.02,0.48,0
22035,16.0,0.64,1
22037,13.57,0.54,0
22039,12.62,0.5,0
22041,16.83,0.67,1
22043,20.5,0.82,1
22045,1.59,0.06,0
22047,8.36,0.33,0
22049,14.67,0.59,0
22051,4.48,0.18,0
22053,3.58,0.14,0
22055,3.36,0.13,0
22057,1.26,0.05,0
22059,10.67,0.43,0
22061,12.33,0.49,0
22063,2.0,0.08,0
22065,15.2,0.61,1
22067,15.86,0.63,1
22069,9.17,0.37,0
22071,1.99,0.08,0
22073,4.54,0.18,0
22075,3.0,0.12,0
22077,15.4,0.62,1
22079,17.5,0.7,1
22081,7.5,0.3,0
22083,18.5,0.74,1
22085,11.0,0.44,0
22087,11.33,0.45,0
22089,9.0,0.36,0
22091,15.0,0.6,1
22093,2.36,0.09,0
22095,2.0,0.08,0
22097,11.78,0.47,0
22099,2.43,0.1,0
22101,9.25,0.37,0
22103,8.45,0.34,0
22105,5.65,0.23,0
22107,21.0,0.84,1
22109,4.29,0.17,0
22111,6.8,0.27,0
22113,4.38,0.18,0
22115,10.5,0.42,0
22117,9.36,0.37,0
22119,16.12,0.64,1
22121,9.0,0.36,0
22123,15.0,0.6,1
22125,12.0,0.48,0
22127,13.33,0.53,0
23001,2.5,0.1,0
23003,4.86,0.19,0
23005,4.21,0.17,0
23007,9.95,0.4,0
23009,6.59,0.26,0
23011,8.33,0.33,0
23013,5.46,0.22,0
23015,2.63,0.11,0
23017,8.14,0.33,0
23019,9.47,0.38,0
23021,7.64,0.31,0
23023,0.0,0.0,0
23025,10.91,0.44,0
23027,5.0,0.2,0
23029,7.32,0.29,0
23031,2.59,0.1,0
24001,7.58,0.3,0
24003,9.33,0.37,0
24005,13.47,0.54,0
24009,12.1,0.48,0
24011,12.69,0.51,0
24013,15.0,0.6,1
24015,7.2,0.29,0
24017,6.8,0.27,0
24019,9.0,0.36,0
24021,7.68,0.31,0
24023,13.8,0.55,0
24025,13.2,0.53,0
24029,7.4,0.3,0
24031,12.22,0.49,0
24033,12.83,0.51,0
24035,8.6,0.34,0
24037,13.43,0.54,0
24039,14.4,0.58,0
24041,9.0,0.36,0
24043,10.27,0.41,0
24045,13.92,0.56,0
24047,8.0,0.32,0
24510,13.36,0.53,0
25001,6.47,0.26,0
25003,7.96,0.32,0
25005,1.66,0.07,0
25007,11.25,0.45,0
25009,4.17,0.17,0
25011,8.03,0.32,0
25013,8.04,0.32,0
25015,8.79,0.35,0
25017,0.16,0.01,0
25019,11.0,0.44,0
25021,1.92,0.08,0
25023,2.75,0.11,0
25025,7.33,0.29,0
25027,1.53,0.06,0
26001,6.5,0.26,0
26003,4.62,0.18,0
26005,5.92,0.24,0
26007,14.33,0.57,0
26009,6.17,0.25,0
26011,5.09,0.2,0
26013,11.78,0.47,0
26015,12.2,0.49,0
26017,4.56,0.18,0
26019,7.92,0.32,0
26021,2.62,0.1,0
26023,9.12,0.36,0
26025,11.12,0.44,0
26027,6.2,0.25,0
26029,5.24,0.21,0
26031,7.89,0.32,0
26033,3.92,0.16,0
26035,3.1,0.12,0
26037,0.0,0.0,0
26039,5.2,0.21,0
26041,12.44,0.5,0
26043,11.35,0.45,0
26045,12.97,0.52,0
26047,10.17,0.41,0
26049,5.14,0.21,0
26051,10.0,0.4,0
26053,3.56,0.14,0
26055,4.91,0.2,0
26057,11.87,0.47,0
26059,12.14,0.49,0
26061,12.5,0.5,0
26063,5.0,0.2,0
26065,13.09,0.52,0
26067,9.25,0.37,0
26069,9.5,0.38,0
26071,17.0,0.68,1
26073,9.0,0.36,0
26075,5.38,0.22,0
26077,3.0,0.12,0
26079,3.71,0.15,0
26081,14.79,0.59,0
26083,14.0,0.56,0
26085,3.06,0.12,0
26087,5.0,0.2,0
26089,4.5,0.18,0
26091,11.25,0.45,0
26095,12.86,0.51,0
26097,13.32,0.53,0
26099,11.55,0.46,0
26101,4.0,0.16,0
26103,8.2,0.33,0
26105,13.73,0.55,0
26107,3.8,0.15,0
26109,4.39,0.18,0
26111,10.75,0.43,0
26113,1.88,0.08,0
26115,1.64,0.07,0
26117,7.5,0.3,0
26119,13.2,0.53,0
26121,7.31,0.29,0
26123,1.55,0.06,0
26125,9.61,0.38,0
26127,3.93,0.16,0
26129,4.5,0.18,0
26131,2.46,0.1,0
26133,2.25,0.09,0
26135,14.8,0.59,0
26137,10.25,0.41,0
26139,13.39,0.54,0
26141,6.5,0.26,0
26143,3.9,0.16,0
26145,4.74,0.19,0
26147,1.95,0.08,0
26149,3.33,0.13,0
26151,6.25,0.25,0
26153,14.67,0.59,0
26155,2.5,0.1,0
26157,8.65,0.35,0
26159,9.65,0.39,0
26161,12.88,0.52,0
26163,16.37,0.65,1
26165,6.61,0.26,0
27001,10.43,0.42,0
27003,10.68,0.43,0
27005,15.0,0.6,1
27007,7.74,0.31,0
27009,14.0,0.56,0
27011,5.15,0.21,0
27013,10.06,0.4,0
27015,8.36,0.33,0
27017,1.11,0.04,0
27021,13.71,0.55,0
27023,6.75,0.27,0
27025,3.0,0.12,0
27027,9.1,0.36,0
27029,13.0,0.52,0
27031,6.5,0.26,0
27033,4.27,0.17,0
27035,11.25,0.45,0
27041,0.0,0.0,0
27043,11.97,0.48,0
27045,11.0,0.44,0
27047,12.59,0.5,0
27049,12.5,0.5,0
27051,11.8,0.47,0
27053,13.56,0.54,0
27055,0.0,0.0,0
27057,12.5,0.5,0
27061,8.81,0.35,0
27063,2.0,0.08,0
27065,1.14,0.05,0
27067,2.57,0.1,0
27069,1.43,0.06,0
27071,7.2,0.29,0
27073,1.79,0.07,0
27075,7.78,0.31,0
27077,0.53,0.02,0
27079,0.48,0.02,0
27081,10.33,0.41,0
27083,13.63,0.55,0
27087,16.0,0.64,1
27089,0.36,0.01,0
27091,2.6,0.1,0
27093,2.17,0.09,0
27095,10.82,0.43,0
27097,10.31,0.41,0
27099,12.37,0.49,0
27101,12.0,0.48,0
27105,13.5,0.54,0
27107,15.25,0.61,1
27109,12.0,0.48,0
27111,7.97,0.32,0
27113,11.0,0.44,0
27115,1.84,0.07,0
27117,7.9,0.32,0
27119,0.18,0.01,0
27121,3.0,0.12,0
27123,8.33,0.33,0
27125,8.5,0.34,0
27127,12.4,0.5,0
27129,9.17,0.37,0
27131,5.67,0.23,0
27133,8.89,0.36,0
27135,4.06,0.16,0
27137,11.38,0.46,0
27139,10.5,0.42,0
27141,10.5,0.42,0
27143,8.71,0.35,0
27145,6.41,0.26,0
27149,9.45,0.38,0
27151,12.25,0.49,0
27153,7.07,0.28,0
27155,5.12,0.2,0
27157,2.2,0.09,0
27159,7.75,0.31,0
27161,12.23,0.49,0
27163,6.0,0.24,0
27165,0.69,0.03,0
27167,10.0,0.4,0
27169,5.0,0.2,0
27173,6.92,0.28,0
28001,4.75,0.19,0
28003,2.22,0.09,0
28005,21.5,0.86,1
28007,10.0,0.4,0
28009,12.75,0.51,0
28011,9.25,0.37,0
28013,17.0,0.68,1
28015,18.67,0.75,1
28017,19.33,0.77,1
28019,13.75,0.55,0
28021,19.5,0.78,1
28023,19.67,0.79,1
28025,18.67,0.75,1
28027,15.67,0.63,1
28029,22.0,0.88,1
28031,19.0,0.76,1
28033,0.0,0.0,0
28035,8.4,0.34,0
28037,21.33,0.85,1
28039,7.5,0.3,0
28041,15.0,0.6,1
28043,10.5,0.42,0
28045,14.67,0.59,0
28047,6.5,0.26,0
28049,1.78,0.07,0
28051,22.67,0.91,1
28053,22.0,0.88,1
28055,21.5,0.86,1
28057,21.5,0.86,1
28059,0.41,0.02,0
28061,15.0,0.6,1
28063,22.5,0.9,1
28065,19.5,0.78,1
28067,20.0,0.8,1
28069,21.0,0.84,1
28071,15.0,0.6,1
28073,8.33,0.33,0
28075,17.6,0.7,1
28077,19.0,0.76,1
28079,21.5,0.86,1
28081,18.0,0.72,1
28083,20.67,0.83,1
28085,21.0,0.84,1
28087,10.5,0.42,0
28089,18.33,0.73,1
28091,4.0,0.16,0
28093,17.8,0.71,1
28095,16.83,0.67,1
28097,18.0,0.72,1
28099,18.29,0.73,1
28101,20.0,0.8,1
28103,20.8,0.83,1
28105,19.0,0.76,1
28107,15.25,0.61,1
28109,16.5,0.66,1
28111,17.0,0.68,1
28113,17.2,0.69,1
28115,8.5,0.34,0
28117,15.5,0.62,1
28119,22.5,0.9,1
28121,13.87,0.55,0
28123,18.5,0.74,1
28125,21.5,0.86,1
28127,20.0,0.8,1
28129,19.33,0.77,1
28131,17.0,0.68,1
28133,10.67,0.43,0
28135,16.5,0.66,1
28137,14.5,0.58,0
28139,19.5,0.78,1
28141,9.0,0.36,0
28143,21.67,0.87,1
28145,16.5,0.66,1
28147,12.75,0.51,0
28149,20.0,0.8,1
28151,18.0,0.72,1
28153,17.5,0.7,1
28155,16.5,0.66,1
28157,16.75,0.67,1
28159,20.33,0.81,1
28161,19.5,0.78,1
28163,20.5,0.82,1
29001,18.33,0.73,1
29003,3.23,0.13,0
29005,15.0,0.6,1
29007,15.75,0.63,1
29009,14.5,0.58,0
29011,16.5,0.66,1
29013,10.33,0.41,0
29015,9.25,0.37,0
29017,17.0,0.68,1
29019,19.0,0.76,1
29021,13.67,0.55,0
29023,18.8,0.75,1
29025,8.0,0.32,0
29027,2.83,0.11,0
29029,15.38,0.62,1
29031,15.62,0.62,1
29033,16.0,0.64,1
29035,17.0,0.68,1
29037,6.4,0.26,0
29039,12.25,0.49,0
29041,15.33,0.61,1
29043,14.67,0.59,0
29045,15.8,0.63,1
29047,0.0,0.0,0
29049,8.33,0.33,0
29051,11.75,0.47,0
29053,2.29,0.09,0
29055,14.67,0.59,0
29057,16.0,0.64,1
29059,16.4,0.66,1
29061,12.0,0.48,0
29063,11.8,0.47,0
29065,17.0,0.68,1
29067,15.67,0.63,1
29069,17.6,0.7,1
29071,14.4,0.58,0
29073,5.93,0.24,0
29075,14.0,0.56,0
29077,5.05,0.2,0
29079,15.33,0.61,1
29081,11.75,0.47,0
29083,11.78,0.47,0
29085,17.25,0.69,1
29087,13.33,0.53,0
29089,15.75,0.63,1
29091,13.44,0.54,0
29093,18.33,0.73,1
29095,14.58,0.58,0
29097,17.0,0.68,1
29099,13.14,0.53,0
29101,2.44,0.1,0
29103,17.5,0.7,1
29105,16.57,0.66,1
29107,9.83,0.39,0
29109,16.8,0.67,1
29111,13.67,0.55,0
29113,13.86,0.55,0
29115,15.0,0.6,1
29117,13.0,0.52,0
29119,12.3,0.49,0
29121,15.67,0.63,1
29123,18.0,0.72,1
29125,14.0,0.56,0
29127,15.57,0.62,1
29129,16.0,0.64,1
29131,15.0,0.6,1
29133,8.2,0.33,0
29135,11.75,0.47,0
29137,15.33,0.61,1
29139,15.6,0.62,1
29141,16.67,0.67,1
29143,8.62,0.34,0
29145,17.43,0.7,1
29147,16.0,0.64,1
29149,16.75,0.67,1
29151,13.0,0.52,0
29153,15.0,0.6,1
29155,12.2,0.49,0
29157,15.5,0.62,1
29159,9.62,0.38,0
29161,17.12,0.68,1
29163,15.0,0.6,1
29167,2.74,0.11,0
29169,16.29,0.65,1
29171,11.75,0.47,0
29173,15.25,0.61,1
29175,16.67,0.67,1
29177,11.67,0.47,0
29179,5.3,0.21,0
29181,18.0,0.72,1
29183,16.32,0.65,1
29185,4.21,0.17,0
29186,11.55,0.46,0
29187,15.0,0.6,1
29189,16.74,0.67,1
29195,9.29,0.37,0
29197,13.4,0.54,0
29199,14.33,0.57,0
29201,18.92,0.76,1
29203,17.25,0.69,1
29205,11.75,0.47,0
29207,18.78,0.75,1
29209,10.0,0.4,0
29211,17.25,0.69,1
29213,16.0,0.64,1
29215,15.0,0.6,1
29217,9.8,0.39,0
29219,13.75,0.55,0
29221,4.93,0.2,0
29223,14.25,0.57,0
29225,16.56,0.66,1
29227,8.0,0.32,0
29229,17.0,0.68,1
29510,15.87,0.63,1
30001,13.0,0.52,0
30003,15.67,0.63,1
30005,16.71,0.67,1
30007,12.4,0.5,0
30009,12.6,0.5,0
30011,10.0,0.4,0
30013,18.33,0.73,1
30015,8.75,0.35,0
30017,12.18,0.49,0
30019,10.25,0.41,0
30021,5.5,0.22,0
30023,16.0,0.64,1
30025,11.12,0.44,0
30027,9.67,0.39,0
30029,14.67,0.59,0
30031,7.71,0.31,0
30033,7.0,0.28,0
30035,15.8,0.63,1
30037,8.0,0.32,0
30039,13.67,0.55,0
30041,11.1,0.44,0
30043,5.25,0.21,0
30045,15.5,0.62,1
30047,15.5,0.62,1
30049,12.86,0.51,0
30051,14.6,0.58,0
30053,11.62,0.46,0
30055,11.0,0.44,0
30057,7.85,0.31,0
30059,10.5,0.42,0
30061,10.67,0.43,0
30063,15.86,0.63,1
30065,15.5,0.62,1
30067,11.7,0.47,0
30069,5.0,0.2,0
30071,14.5,0.58,0
30073,9.92,0.4,0
30075,11.0,0.44,0
30077,6.0,0.24,0
30079,12.33,0.49,0
30081,16.0,0.64,1
30083,11.67,0.47,0
30085,14.3,0.57,0
30087,13.57,0.54,0
30089,9.86,0.39,0
30091,9.0,0.36,0
30093,18.25,0.73,1
30095,11.5,0.46,0
30097,11.33,0.45,0
30099,8.5,0.34,0
30101,8.78,0.35,0
30103,3.5,0.14,0
30105,4.33,0.17,0
30107,13.0,0.52,0
30109,6.38,0.26,0
30111,15.0,0.6,1
31003,0.48,0.02,0
31005,7.0,0.28,0
31007,7.0,0.28,0
31009,5.0,0.2,0
31011,1.5,0.06,0
31013,5.0,0.2,0
31015,9.33,0.37,0
31017,7.8,0.31,0
31019,1.75,0.07,0
31021,2.67,0.11,0
31023,0.0,0.0,0
31025,8.25,0.33,0
31027,6.0,0.24,0
31029,5.5,0.22,0
31031,2.49,0.1,0
31033,15.5,0.62,1
31035,9.67,0.39,0
31037,5.36,0.21,0
31039,1.75,0.07,0
31041,3.43,0.14,0
31043,1.56,0.06,0
31045,3.29,0.13,0
31047,9.8,0.39,0
31049,9.75,0.39,0
31051,1.41,0.06,0
31053,1.62,0.06,0
31055,2.32,0.09,0
31057,10.0,0.4,0
31059,6.5,0.26,0
31061,4.36,0.17,0
31063,0.52,0.02,0
31065,11.67,0.47,0
31067,7.17,0.29,0
31069,11.33,0.45,0
31071,2.85,0.11,0
31073,3.29,0.13,0
31075,8.5,0.34,0
31077,5.83,0.23,0
31079,15.5,0.62,1
31083,10.0,0.4,0
31085,7.0,0.28,0
31087,15.0,0.6,1
31089,3.65,0.15,0
31091,11.5,0.46,0
31093,0.88,0.04,0
31095,6.5,0.26,0
31097,8.33,0.33,0
31099,12.5,0.5,0
31101,10.5,0.42,0
31103,7.0,0.28,0
31105,8.67,0.35,0
31107,10.67,0.43,0
31109,12.67,0.51,0
31111,1.36,0.05,0
31113,1.0,0.04,0
31115,1.75,0.07,0
31117,9.71,0.39,0
31119,6.38,0.26,0
31121,6.33,0.25,0
31123,14.25,0.57,0
31125,9.14,0.37,0
31127,4.5,0.18,0
31129,11.25,0.45,0
31131,11.0,0.44,0
31133,10.5,0.42,0
31135,3.5,0.14,0
31137,14.5,0.58,0
31139,6.5,0.26,0
31141,4.0,0.16,0
31143,0.0,0.0,0
31145,3.75,0.15,0
31147,9.5,0.38,0
31149,6.75,0.27,0
31151,12.0,0.48,0
31155,0.55,0.02,0
31157,7.5,0.3,0
31161,3.07,0.12,0
31163,9.0,0.36,0
31165,1.75,0.07,0
31167,4.0,0.16,0
31169,12.0,0.48,0
31171,8.0,0.32,0
31173,13.88,0.56,0
31175,1.33,0.05,0
31177,4.0,0.16,0
31179,0.8,0.03,0
31181,7.0,0.28,0
31183,1.67,0.07,0
31185,13.0,0.52,0
32001,10.29,0.41,0
32003,8.55,0.34,0
32005,13.18,0.53,0
32007,11.52,0.46,0
32009,2.67,0.11,0
32011,11.67,0.47,0
32013,13.43,0.54,0
32015,15.17,0.61,1
32017,16.0,0.64,1
32019,7.37,0.29,0
32021,15.8,0.63,1
32023,9.42,0.38,0
32027,12.43,0.5,0
32029,19.0,0.76,1
32031,13.37,0.53,0
32033,7.91,0.32,0
32510,12.46,0.5,0
33001,8.0,0.32,0
33003,7.9,0.32,0
33005,9.65,0.39,0
33007,3.45,0.14,0
33009,8.09,0.32,0
33011,2.06,0.08,0
33013,8.5,0.34,0
33015,2.57,0.1,0
33017,6.4,0.26,0
33019,10.1,0.4,0
34001,0.2,0.01,0
34005,6.8,0.27,0
34007,1.06,0.04,0
34009,10.08,0.4,0
34011,5.67,0.23,0
34013,6.42,0.26,0
34017,0.36,0.01,0
34019,7.5,0.3,0
34021,1.04,0.04,0
34023,1.62,0.06,0
34025,1.0,0.04,0
34027,6.0,0.24,0
34029,6.2,0.25,0
34031,0.42,0.02,0
34033,3.0,0.12,0
34035,12.0,0.48,0
34037,0.0,0.0,0
34039,0.66,0.03,0
34041,0.82,0.03,0
35001,7.32,0.29,0
35003,17.0,0.68,1
35005,5.17,0.21,0
35006,19.2,0.77,1
35007,6.17,0.25,0
35009,18.0,0.72,1
35011,15.67,0.63,1
35013,14.24,0.57,0
35015,11.0,0.44,0
35017,9.0,0.36,0
35019,16.33,0.65,1
35021,4.0,0.16,0
35023,17.5,0.7,1
35025,9.0,0.36,0
35027,7.29,0.29,0
35029,11.0,0.44,0
35031,13.17,0.53,0
35033,14.0,0.56,0
35035,7.6,0.3,0
35037,14.0,0.56,0
35039,14.29,0.57,0
35041,14.4,0.58,0
35043,17.1,0.68,1
35045,13.88,0.56,0
35047,14.6,0.58,0
35049,15.63,0.63,1
35051,14.5,0.58,0
35053,5.14,0.21,0
35055,8.43,0.34,0
35057,18.0,0.72,1
35059,14.5,0.58,0
35061,15.0,0.6,1
36001,1.91,0.08,0
36003,2.21,0.09,0
36005,10.01,0.4,0
36007,9.39,0.38,0
36009,7.15,0.29,0
36011,8.53,0.34,0
36013,4.05,0.16,0
36015,10.0,0.4,0
36017,2.35,0.09,0
36019,3.29,0.13,0
36021,6.0,0.24,0
36023,7.93,0.32,0
36025,9.27,0.37,0
36027,0.75,0.03,0
36029,13.31,0.53,0
36031,6.98,0.28,0
36033,8.66,0.35,0
36035,6.33,0.25,0
36037,5.43,0.22,0
36039,2.71,0.11,0
36041,9.25,0.37,0
36043,1.63,0.07,0
36045,11.89,0.48,0
36047,11.97,0.48,0
36049,9.67,0.39,0
36051,2.25,0.09,0
36053,5.74,0.23,0
36055,13.05,0.52,0
36057,2.5,0.1,0
36059,12.0,0.48,0
36061,7.63,0.31,0
36063,14.86,0.59,0
36065,9.97,0.4,0
36067,16.53,0.66,1
36069,7.48,0.3,0
36071,4.64,0.19,0
36073,3.1,0.12,0
36075,8.84,0.35,0
36077,9.27,0.37,0
36079,21.0,0.84,1
36081,12.62,0.5,0
36083,0.0,0.0,0
36085,15.62,0.62,1
36087,10.95,0.44,0
36089,7.06,0.28,0
36091,0.0,0.0,0
36093,15.0,0.6,1
36095,2.56,0.1,0
36097,10.33,0.41,0
36099,7.25,0.29,0
36101,13.11,0.52,0
36103,3.0,0.12,0
36105,9.06,0.36,0
36107,3.75,0.15,0
36109,8.0,0.32,0
36111,3.5,0.14,0
36113,6.16,0.25,0
36115,3.43,0.14,0
36117,13.56,0.54,0
36119,8.25,0.33,0
36121,0.65,0.03,0
36123,7.44,0.3,0
37001,9.0,0.36,0
37003,9.25,0.37,0
37005,11.33,0.45,0
37007,16.6,0.66,1
37009,17.0,0.68,1
37011,8.67,0.35,0
37013,12.33,0.49,0
37015,12.83,0.51,0
37017,19.0,0.76,1
37019,16.54,0.66,1
37021,3.58,0.14,0
37023,14.33,0.57,0
37025,16.03,0.64,1
37027,4.18,0.17,0
37029,7.5,0.3,0
37031,6.37,0.25,0
37033,10.8,0.43,0
37035,9.33,0.37,0
37037,8.62,0.34,0
37039,10.22,0.41,0
37041,20.5,0.82,1
37043,15.0,0.6,1
37045,13.0,0.52,0
37047,11.33,0.45,0
37049,12.0,0.48,0
37051,15.76,0.63,1
37053,15.0,0.6,1
37055,3.67,0.15,0
37057,17.0,0.68,1
37059,12.0,0.48,0
37061,18.0,0.72,1
37063,2.14,0.09,0
37065,17.4,0.7,1
37067,20.58,0.82,1
37069,9.0,0.36,0
37071,11.25,0.45,0
37073,18.0,0.72,1
37075,14.4,0.58,0
37077,9.62,0.38,0
37079,9.8,0.39,0
37081,16.03,0.64,1
37083,5.71,0.23,0
37085,4.83,0.19,0
37087,12.67,0.51,0
37089,9.03,0.36,0
37091,13.5,0.54,0
37093,13.5,0.54,0
37095,10.3,0.41,0
37097,9.5,0.38,0
37099,14.17,0.57,0
37101,9.36,0.37,0
37103,9.0,0.36,0
37105,4.57,0.18,0
37107,6.44,0.26,0
37109,14.5,0.58,0
37111,12.15,0.49,0
37113,3.5,0.14,0
37115,11.75,0.47,0
37117,17.0,0.68,1
37119,16.13,0.65,1
37121,7.8,0.31,0
37123,17.0,0.68,1
37127,11.8,0.47,0
37129,3.93,0.16,0
37131,11.67,0.47,0
37133,1.95,0.08,0
37135,2.25,0.09,0
37137,14.86,0.59,0
37139,13.0,0.52,0
37141,4.11,0.16,0
37143,17.0,0.68,1
37145,13.0,0.52,0
37147,19.0,0.76,1
37149,8.5,0.34,0
37151,11.4,0.46,0
37153,11.5,0.46,0
37155,4.58,0.18,0
37157,9.0,0.36,0
37159,16.0,0.64,1
37161,15.2,0.61,1
37163,7.0,0.28,0
37165,17.89,0.72,1
37167,13.67,0.55,0
37169,3.12,0.12,0
37171,3.78,0.15,0
37173,18.82,0.75,1
37175,5.33,0.21,0
37177,16.0,0.64,1
37179,10.86,0.43,0
37181,18.5,0.74,1
37183,15.95,0.64,1
37185,3.11,0.12,0
37187,20.0,0.8,1
37189,17.0,0.68,1
37191,10.25,0.41,0
37193,11.25,0.45,0
37195,7.67,0.31,0
37197,1.29,0.05,0
37199,7.62,0.3,0
38001,14.32,0.57,0
38003,11.0,0.44,0
38005,16.79,0.67,1
38007,7.0,0.28,0
38009,12.78,0.51,0
38011,1.75,0.07,0
38013,1.17,0.05,0
38015,3.0,0.12,0
38017,21.0,0.84,1
38019,16.5,0.66,1
38021,0.23,0.01,0
38023,12.5,0.5,0
38025,14.0,0.56,0
38027,13.95,0.56,0
38029,12.75,0.51,0
38031,14.0,0.56,0
38033,12.0,0.48,0
38035,10.35,0.41,0
38037,13.5,0.54,0
38039,9.33,0.37,0
38041,13.0,0.52,0
38043,1.42,0.06,0
38045,0.95,0.04,0
38047,13.67,0.55,0
38049,11.0,0.44,0
38051,11.0,0.44,0
38053,16.0,0.64,1
38055,14.5,0.58,0
38057,9.29,0.37,0
38059,12.93,0.52,0
38061,9.75,0.39,0
38063,2.17,0.09,0
38065,10.0,0.4,0
38067,1.45,0.06,0
38069,3.38,0.14,0
38071,6.78,0.27,0
38073,14.0,0.56,0
38075,10.46,0.42,0
38077,13.27,0.53,0
38079,14.0,0.56,0
38081,15.0,0.6,1
38083,9.0,0.36,0
38085,21.75,0.87,1
38087,0.27,0.01,0
38089,8.17,0.33,0
38091,6.44,0.26,0
38093,5.69,0.23,0
38095,15.5,0.62,1
38097,10.57,0.42,0
38099,1.1,0.04,0
38101,14.1,0.56,0
38103,1.0,0.04,0
38105,6.51,0.26,0
39001,10.33,0.41,0
39003,14.71,0.59,0
39005,10.24,0.41,0
39007,7.74,0.31,0
39009,8.0,0.32,0
39011,6.0,0.24,0
39013,11.5,0.46,0
39015,10.0,0.4,0
39017,11.06,0.44,0
39019,11.5,0.46,0
39021,12.0,0.48,0
39023,14.18,0.57,0
39025,3.74,0.15,0
39027,4.67,0.19,0
39029,1.45,0.06,0
39031,16.0,0.64,1
39033,8.0,0.32,0
39035,13.23,0.53,0
39037,7.67,0.31,0
39039,6.25,0.25,0
39041,16.0,0.64,1
39043,17.5,0.7,1
39045,12.67,0.51,0
39047,2.91,0.12,0
39049,14.63,0.59,0
39053,15.0,0.6,1
39055,0.0,0.0,0
39057,10.65,0.43,0
39059,5.63,0.23,0
39061,17.97,0.72,1
39063,10.07,0.4,0
39065,11.0,0.44,0
39067,4.66,0.19,0
39069,0.0,0.0,0
39071,10.44,0.42,0
39073,8.75,0.35,0
39075,9.0,0.36,0
39077,3.94,0.16,0
39079,15.5,0.62,1
39081,2.5,0.1,0
39083,13.33,0.53,0
39085,13.47,0.54,0
39087,10.6,0.42,0
39089,11.5,0.46,0
39091,13.0,0.52,0
39093,16.02,0.64,1
39095,12.98,0.52,0
39097,7.67,0.31,0
39099,15.15,0.61,1
39101,11.5,0.46,0
39103,13.25,0.53,0
39105,9.0,0.36,0
39107,7.0,0.28,0
39109,15.0,0.6,1
39111,8.2,0.33,0
39113,13.57,0.54,0
39115,15.33,0.61,1
39117,10.0,0.4,0
39119,11.0,0.44,0
39121,11.0,0.44,0
39123,10.0,0.4,0
39125,9.75,0.39,0
39127,9.0,0.36,0
39129,6.4,0.26,0
39131,11.33,0.45,0
39133,15.69,0.63,1
39135,10.0,0.4,0
39137,2.33,0.09,0
39139,1.09,0.04,0
39141,5.67,0.23,0
39143,7.75,0.31,0
39145,14.2,0.57,0
39147,6.08,0.24,0
39151,10.68,0.43,0
39153,16.67,0.67,1
39155,11.27,0.45,0
39157,9.7,0.39,0
39159,3.0,0.12,0
39161,12.0,0.48,0
39163,16.5,0.66,1
39165,10.3,0.41,0
39167,15.3,0.61,1
39169,15.0,0.6,1
39171,12.67,0.51,0
39173,7.7,0.31,0
40001,13.25,0.53,0
40003,10.0,0.4,0
40005,12.6,0.5,0
40007,9.75,0.39,0
40009,13.75,0.55,0
40011,3.44,0.14,0
40013,11.71,0.47,0
40015,14.25,0.57,0
40017,14.2,0.57,0
40019,11.32,0.45,0
40021,16.82,0.67,1
40023,12.0,0.48,0
40025,7.33,0.29,0
40027,7.2,0.29,0
40029,17.0,0.68,1
40031,14.17,0.57,0
40033,7.67,0.31,0
40035,17.0,0.68,1
40037,11.0,0.44,0
40039,6.25,0.25,0
40041,8.0,0.32,0
40043,7.5,0.3,0
40045,11.33,0.45,0
40047,9.0,0.36,0
40049,13.75,0.55,0
40051,16.0,0.64,1
40053,13.25,0.53,0
40055,10.33,0.41,0
40057,8.0,0.32,0
40059,10.0,0.4,0
40061,13.5,0.54,0
40063,15.29,0.61,1
40065,7.5,0.3,0
40067,14.5,0.58,0
40069,13.33,0.53,0
40071,6.27,0.25,0
40073,14.5,0.58,0
40075,8.0,0.32,0
40077,17.67,0.71,1
40079,9.0,0.36,0
40081,15.23,0.61,1
40083,14.38,0.57,0
40085,16.0,0.64,1
40087,10.25,0.41,0
40089,11.25,0.45,0
40091,15.4,0.62,1
40093,14.0,0.56,0
40095,8.5,0.34,0
40097,11.0,0.44,0
40099,12.25,0.49,0
40101,12.5,0.5,0
40103,15.0,0.6,1
40105,3.4,0.14,0
40107,15.25,0.61,1
40109,14.45,0.58,0
40111,15.0,0.6,1
40113,13.0,0.52,0
40115,14.0,0.56,0
40117,12.75,0.51,0
40119,12.0,0.48,0
40121,11.12,0.44,0
40123,8.0,0.32,0
40125,11.5,0.46,0
40127,7.56,0.3,0
40129,5.0,0.2,0
40131,9.33,0.37,0
40133,7.71,0.31,0
40135,18.0,0.72,1
40137,9.0,0.36,0
40139,12.0,0.48,0
40141,8.5,0.34,0
40143,10.75,0.43,0
40145,15.33,0.61,1
40147,15.17,0.61,1
40149,2.43,0.1,0
40151,3.33,0.13,0
40153,4.67,0.19,0
41001,8.9,0.36,0
41003,7.71,0.31,0
41005,10.09,0.4,0
41007,11.65,0.47,0
41009,3.26,0.13,0
41011,13.43,0.54,0
41013,13.0,0.52,0
41015,1.78,0.07,0
41017,12.86,0.51,0
41019,11.22,0.45,0
41021,12.0,0.48,0
41023,6.29,0.25,0
41025,5.82,0.23,0
41027,13.75,0.55,0
41029,5.93,0.24,0
41031,5.64,0.23,0
41033,9.52,0.38,0
41035,4.06,0.16,0
41037,14.6,0.58,0
41039,8.74,0.35,0
41041,12.93,0.52,0
41043,4.72,0.19,0
41045,6.0,0.24,0
41047,7.38,0.3,0
41049,9.1,0.36,0
41051,6.62,0.26,0
41053,7.0,0.28,0
41055,7.8,0.31,0
41057,9.33,0.37,0
41059,12.44,0.5,0
41061,8.33,0.33,0
41063,7.83,0.31,0
41065,8.36,0.33,0
41067,3.57,0.14,0
41069,7.4,0.3,0
41071,8.62,0.34,0
42001,0.0,0.0,0
42003,8.65,0.35,0
42005,7.92,0.32,0
42007,2.5,0.1,0
42009,10.81,0.43,0
42011,16.17,0.65,1
42013,8.89,0.36,0
42015,4.49,0.18,0
42019,6.63,0.27,0
42021,4.44,0.18,0
42023,10.67,0.43,0
42025,2.14,0.09,0
42027,3.73,0.15,0
42029,1.45,0.06,0
42031,7.5,0.3,0
42033,10.32,0.41,0
42035,5.64,0.23,0
42037,1.76,0.07,0
42039,5.49,0.22,0
42041,8.75,0.35,0
42043,1.69,0.07,0
42045,10.59,0.42,0
42047,6.92,0.28,0
42049,4.24,0.17,0
42051,0.73,0.03,0
42053,8.48,0.34,0
42055,2.62,0.1,0
42057,6.33,0.25,0
42059,2.21,0.09,0
42061,4.71,0.19,0
42063,1.57,0.06,0
42065,0.67,0.03,0
42067,0.47,0.02,0
42069,0.95,0.04,0
42071,4.1,0.16,0
42073,9.06,0.36,0
42075,0.0,0.0,0
42077,8.5,0.34,0
42079,0.24,0.01,0
42081,2.34,0.09,0
42083,6.84,0.27,0
42085,7.6,0.3,0
42087,2.88,0.12,0
42089,0.0,0.0,0
42091,3.0,0.12,0
42093,0.0,0.0,0
42095,0.0,0.0,0
42097,2.69,0.11,0
42099,0.0,0.0,0
42101,0.8,0.03,0
42103,4.55,0.18,0
42105,6.65,0.27,0
42107,1.57,0.06,0
42109,0.0,0.0,0
42111,6.92,0.28,0
42113,8.53,0.34,0
42115,7.78,0.31,0
42117,6.41,0.26,0
42119,6.0,0.24,0
42121,9.9,0.4,0
42123,9.53,0.38,0
42125,4.91,0.2,0
42127,2.89,0.12,0
42129,4.89,0.2,0
42131,0.0,0.0,0
42133,0.12,0.0,0
44001,0.0,0.0,0
44003,8.5,0.34,0
44005,0.92,0.04,0
44007,2.22,0.09,0
44009,3.28,0.13,0
45001,5.88,0.24,0
45003,8.25,0.33,0
45005,13.75,0.55,0
45007,3.0,0.12,0
45009,6.64,0.27,0
45011,16.0,0.64,1
45013,13.0,0.52,0
45015,5.67,0.23,0
45017,17.33,0.69,1
45019,2.76,0.11,0
45021,15.67,0.63,1
45023,7.22,0.29,0
45025,12.3,0.49,0
45027,15.33,0.61,1
45029,7.27,0.29,0
45031,8.33,0.33,0
45033,18.5,0.74,1
45035,6.17,0.25,0
45037,8.57,0.34,0
45039,11.67,0.47,0
45041,4.68,0.19,0
45043,7.5,0.3,0
45045,3.61,0.14,0
45047,7.6,0.3,0
45049,16.43,0.66,1
45051,5.69,0.23,0
45053,9.29,0.37,0
45055,4.0,0.16,0
45057,9.0,0.36,0
45059,10.67,0.43,0
45061,21.0,0.84,1
45063,8.25,0.33,0
45065,15.2,0.61,1
45067,10.2,0.41,0
45069,17.5,0.7,1
45071,9.0,0.36,0
45073,14.0,0.56,0
45075,4.33,0.17,0
45077,1.0,0.04,0
45079,1.03,0.04,0
45081,11.25,0.45,0
45083,4.5,0.18,0
45085,4.5,0.18,0
45087,8.71,0.35,0
45089,19.75,0.79,1
45091,8.15,0.33,0
46003,10.46,0.42,0
46005,16.0,0.64,1
46007,18.0,0.72,1
46009,11.43,0.46,0
46011,2.5,0.1,0
46013,5.44,0.22,0
46015,7.0,0.28,0
46017,12.67,0.51,0
46019,12.4,0.5,0
46021,13.0,0.52,0
46023,3.46,0.14,0
46025,16.0,0.64,1
46027,2.06,0.08,0
46029,10.5,0.42,0
46031,9.41,0.38,0
46033,3.55,0.14,0
46035,9.33,0.37,0
46037,12.0,0.48,0
46039,1.62,0.06,0
46041,9.72,0.39,0
46043,7.65,0.31,0
46045,0.88,0.04,0
46047,11.0,0.44,0
46049,11.2,0.45,0
46051,0.0,0.0,0
46053,10.71,0.43,0
46055,5.67,0.23,0
46057,13.0,0.52,0
46059,7.67,0.31,0
46061,8.57,0.34,0
46063,9.5,0.38,0
46065,11.2,0.45,0
46067,15.0,0.6,1
46069,1.12,0.04,0
46071,3.57,0.14,0
46073,12.26,0.49,0
46075,10.0,0.4,0
46077,15.0,0.6,1
46081,16.0,0.64,1
46083,5.58,0.22,0
46085,17.5,0.7,1
46087,10.14,0.41,0
46089,3.38,0.14,0
46091,12.03,0.48,0
46093,8.38,0.34,0
46095,16.0,0.64,1
46097,15.0,0.6,1
46099,0.84,0.03,0
46101,1.58,0.06,0
46102,17.17,0.69,1
46103,7.92,0.32,0
46105,12.75,0.51,0
46107,1.36,0.05,0
46109,9.57,0.38,0
46111,11.42,0.46,0
46115,13.0,0.52,0
46117,10.0,0.4,0
46119,3.0,0.12,0
46121,20.33,0.81,1
46123,16.67,0.67,1
46125,14.0,0.56,0
46127,7.07,0.28,0
46129,4.73,0.19,0
46135,6.0,0.24,0
46137,6.14,0.25,0
47001,13.0,0.52,0
47003,11.5,0.46,0
47005,10.33,0.41,0
47007,13.0,0.52,0
47009,6.0,0.24,0
47011,1.56,0.06,0
47013,13.0,0.52,0
47015,17.0,0.68,1
47017,16.25,0.65,1
47019,7.5,0.3,0
47021,7.75,0.31,0
47023,13.83,0.55,0
47025,15.5,0.62,1
47027,6.67,0.27,0
47029,11.8,0.47,0
47031,14.0,0.56,0
47033,5.33,0.21,0
47035,11.5,0.46,0
47037,4.78,0.19,0
47039,11.83,0.47,0
47041,14.0,0.56,0
47043,15.67,0.63,1
47045,8.33,0.33,0
47047,9.33,0.37,0
47049,8.67,0.35,0
47051,14.0,0.56,0
47053,11.0,0.44,0
47055,2.58,0.1,0
47057,9.5,0.38,0
47059,13.0,0.52,0
47061,10.75,0.43,0
47063,7.0,0.28,0
47065,5.95,0.24,0
47067,17.0,0.68,1
47069,15.86,0.63,1
47071,10.5,0.42,0
47073,7.9,0.32,0
47075,16.5,0.66,1
47077,12.25,0.49,0
47079,10.33,0.41,0
47081,13.33,0.53,0
47083,9.0,0.36,0
47085,16.0,0.64,1
47087,13.5,0.54,0
47089,7.0,0.28,0
47091,12.0,0.48,0
47093,12.65,0.51,0
47095,14.4,0.58,0
47097,13.33,0.53,0
47099,15.0,0.6,1
47101,11.0,0.44,0
47103,8.0,0.32,0
47105,6.0,0.24,0
47107,14.67,0.59,0
47109,11.0,0.44,0
47111,16.0,0.64,1
47113,16.89,0.68,1
47115,17.0,0.68,1
47117,8.0,0.32,0
47119,10.33,0.41,0
47121,9.33,0.37,0
47123,10.22,0.41,0
47125,14.0,0.56,0
47127,12.5,0.5,0
47129,17.5,0.7,1
47131,17.0,0.68,1
47133,4.0,0.16,0
47135,12.0,0.48,0
47137,9.5,0.38,0
47139,11.67,0.47,0
47141,9.2,0.37,0
47143,14.5,0.58,0
47145,14.0,0.56,0
47147,5.0,0.2,0
47149,9.88,0.4,0
47151,11.25,0.45,0
47153,14.0,0.56,0
47155,11.0,0.44,0
47157,18.52,0.74,1
47159,6.5,0.26,0
47161,16.0,0.64,1
47163,15.0,0.6,1
47165,16.62,0.66,1
47167,12.25,0.49,0
47169,8.0,0.32,0
47171,7.5,0.3,0
47173,17.0,0.68,1
47175,13.4,0.54,0
47177,14.17,0.57,0
47179,3.78,0.15,0
47181,12.75,0.51,0
47183,4.57,0.18,0
47185,10.33,0.41,0
47187,16.0,0.64,1
47189,10.8,0.43,0
48001,6.92,0.28,0
48003,11.0,0.44,0
48005,9.5,0.38,0
48007,7.0,0.28,0
48009,15.0,0.6,1
48011,15.0,0.6,1
48013,15.0,0.6,1
48015,14.5,0.58,0
48017,15.25,0.61,1
48019,16.5,0.66,1
48021,10.0,0.4,0
48023,7.0,0.28,0
48025,7.89,0.32,0
48027,17.0,0.68,1
48029,12.93,0.52,0
48031,5.5,0.22,0
48033,7.0,0.28,0
48035,7.25,0.29,0
48037,6.0,0.24,0
48039,9.71,0.39,0
48041,10.33,0.41,0
48043,12.8,0.51,0
48045,14.0,0.56,0
48047,11.0,0.44,0
48049,12.0,0.48,0
48051,15.0,0.6,1
48053,2.5,0.1,0
48055,14.75,0.59,0
48057,15.25,0.61,1
48061,12.49,0.5,0
48063,13.5,0.54,0
48065,15.0,0.6,1
48067,7.0,0.28,0
48069,11.0,0.44,0
48071,15.0,0.6,1
48073,8.0,0.32,0
48075,10.5,0.42,0
48077,13.0,0.52,0
48079,7.5,0.3,0
48081,15.0,0.6,1
48083,13.5,0.54,0
48085,5.0,0.2,0
48087,11.75,0.47,0
48089,14.25,0.57,0
48091,0.0,0.0,0
48093,11.0,0.44,0
48095,8.67,0.35,0
48097,11.75,0.47,0
48099,7.78,0.31,0
48101,14.0,0.56,0
48103,16.0,0.64,1
48105,14.5,0.58,0
48107,15.0,0.6,1
48109,16.5,0.66,1
48111,8.5,0.34,0
48113,11.14,0.45,0
48115,14.5,0.58,0
48117,15.0,0.6,1
48119,13.5,0.54,0
48121,4.2,0.17,0
48123,9.0,0.36,0
48125,14.25,0.57,0
48127,11.83,0.47,0
48129,16.0,0.64,1
48131,16.0,0.64,1
48133,10.0,0.4,0
48135,14.5,0.58,0
48137,11.0,0.44,0
48139,10.5,0.42,0
48141,15.64,0.63,1
48143,17.0,0.68,1
48145,11.75,0.47,0
48147,11.6,0.46,0
48149,13.5,0.54,0
48151,13.5,0.54,0
48153,4.5,0.18,0
48155,11.0,0.44,0
48157,7.4,0.3,0
48159,11.0,0.44,0
48161,14.25,0.57,0
48163,13.4,0.54,0
48165,13.33,0.53,0
48167,10.67,0.43,0
48169,7.0,0.28,0
48171,14.0,0.56,0
48173,9.0,0.36,0
48175,12.67,0.51,0
48177,9.75,0.39,0
48179,13.25,0.53,0
48181,14.0,0.56,0
48183,12.6,0.5,0
48185,9.33,0.37,0
48187,4.0,0.16,0
48189,11.4,0.46,0
48191,13.33,0.53,0
48193,9.75,0.39,0
48195,12.67,0.51,0
48197,13.0,0.52,0
48199,6.0,0.24,0
48201,7.16,0.29,0
48203,10.22,0.41,0
48205,10.0,0.4,0
48207,15.8,0.63,1
48209,17.0,0.68,1
48211,10.0,0.4,0
48213,1.48,0.06,0
48215,14.45,0.58,0
48217,11.4,0.46,0
48219,11.71,0.47,0
48221,14.0,0.56,0
48223,16.0,0.64,1
48225,11.33,0.45,0
48227,16.17,0.65,1
48229,20.33,0.81,1
48231,18.5,0.74,1
48233,7.0,0.28,0
48235,13.0,0.52,0
48237,13.0,0.52,0
48239,10.0,0.4,0
48241,7.8,0.31,0
48243,9.5,0.38,0
48245,3.0,0.12,0
48247,11.5,0.46,0
48249,12.5,0.5,0
48251,0.0,0.0,0
48253,12.12,0.48,0
48255,10.2,0.41,0
48257,0.0,0.0,0
48259,0.0,0.0,0
48261,7.0,0.28,0
48263,13.0,0.52,0
48265,8.0,0.32,0
48267,11.0,0.44,0
48269,5.0,0.2,0
48271,13.67,0.55,0
48273,7.33,0.29,0
48275,10.6,0.42,0
48277,15.0,0.6,1
48279,15.2,0.61,1
48281,10.0,0.4,0
48283,17.5,0.7,1
48285,13.0,0.52,0
48287,11.0,0.44,0
48289,15.0,0.6,1
48291,14.0,0.56,0
48293,14.83,0.59,0
48295,7.5,0.3,0
48297,11.33,0.45,0
48299,8.0,0.32,0
48301,5.0,0.2,0
48303,14.85,0.59,0
48305,16.5,0.66,1
48307,15.67,0.63,1
48309,6.67,0.27,0
48311,7.5,0.3,0
48313,7.33,0.29,0
48315,16.5,0.66,1
48317,7.0,0.28,0
48319,9.0,0.36,0
48321,12.75,0.51,0
48323,12.75,0.51,0
48325,12.0,0.48,0
48327,13.67,0.55,0
48329,4.75,0.19,0
48331,10.5,0.42,0
48333,10.25,0.41,0
48335,14.0,0.56,0
48337,11.0,0.44,0
48339,3.15,0.13,0
48341,8.4,0.34,0
48343,13.0,0.52,0
48345,8.5,0.34,0
48347,17.5,0.7,1
48349,9.8,0.39,0
48351,9.67,0.39,0
48353,8.33,0.33,0
48355,1.05,0.04,0
48357,17.0,0.68,1
48359,12.0,0.48,0
48361,9.0,0.36,0
48363,16.0,0.64,1
48365,14.33,0.57,0
48367,9.5,0.38,0
48369,16.0,0.64,1
48371,15.12,0.6,1
48373,10.8,0.43,0
48375,11.33,0.45,0
48377,4.0,0.16,0
48379,12.0,0.48,0
48381,12.38,0.5,0
48383,9.0,0.36,0
48385,17.5,0.7,1
48387,11.75,0.47,0
48389,16.4,0.66,1
48391,14.0,0.56,0
48393,7.0,0.28,0
48395,15.0,0.6,1
48399,13.5,0.54,0
48401,9.83,0.39,0
48403,17.33,0.69,1
48405,12.0,0.48,0
48407,17.5,0.7,1
48409,15.33,0.61,1
48411,15.0,0.6,1
48413,11.0,0.44,0
48415,12.0,0.48,0
48417,11.8,0.47,0
48419,13.0,0.52,0
48421,13.0,0.52,0
48423,2.75,0.11,0
48425,15.0,0.6,1
48427,15.62,0.62,1
48429,9.5,0.38,0
48431,13.0,0.52,0
48433,10.0,0.4,0
48435,8.0,0.32,0
48437,10.33,0.41,0
48439,11.74,0.47,0
48441,15.0,0.6,1
48443,9.25,0.37,0
48445,18.0,0.72,1
48447,4.5,0.18,0
48449,14.0,0.56,0
48451,9.0,0.36,0
48453,4.07,0.16,0
48455,16.33,0.65,1
48457,16.0,0.64,1
48459,6.75,0.27,0
48461,9.67,0.39,0
48463,11.75,0.47,0
48465,9.75,0.39,0
48467,13.5,0.54,0
48469,9.0,0.36,0
48471,8.9,0.36,0
48473,14.0,0.56,0
48475,14.33,0.57,0
48477,8.67,0.35,0
48479,15.33,0.61,1
48481,11.0,0.44,0
48483,13.67,0.55,0
48485,13.6,0.54,0
48487,14.33,0.57,0
48489,14.67,0.59,0
48491,11.0,0.44,0
48493,9.0,0.36,0
48495,15.0,0.6,1
48497,12.0,0.48,0
48499,9.25,0.37,0
48501,13.5,0.54,0
48503,11.5,0.46,0
48505,19.33,0.77,1
48507,17.5,0.7,1
49001,8.5,0.34,0
49003,9.67,0.39,0
49005,13.0,0.52,0
49007,13.38,0.54,0
49009,7.0,0.28,0
49011,6.15,0.25,0
49013,2.0,0.08,0
49015,5.71,0.23,0
49017,10.36,0.41,0
49019,8.6,0.34,0
49021,6.2,0.25,0
49023,3.0,0.12,0
49025,9.6,0.38,0
49027,3.46,0.14,0
49029,6.2,0.25,0
49031,9.0,0.36,0
49033,11.0,0.44,0
49035,9.49,0.38,0
49037,8.65,0.35,0
49039,6.5,0.26,0
49041,9.43,0.38,0
49043,1.0,0.04,0
49045,9.0,0.36,0
49047,11.64,0.47,0
49049,11.08,0.44,0
49051,10.0,0.4,0
49053,10.5,0.42,0
49055,9.0,0.36,0
49057,7.95,0.32,0
50001,1.12,0.04,0
50003,4.92,0.2,0
50005,1.06,0.04,0
50007,8.0,0.32,0
50009,2.35,0.09,0
50011,1.86,0.07,0
50013,6.0,0.24,0
50015,1.71,0.07,0
50017,8.0,0.32,0
50019,3.15,0.13,0
50021,2.0,0.08,0
50023,0.43,0.02,0
50025,3.5,0.14,0
50027,4.0,0.16,0
51001,14.75,0.59,0
51005,9.5,0.38,0
51007,13.0,0.52,0
51009,14.25,0.57,0
51011,15.0,0.6,1
51013,12.5,0.5,0
51015,6.0,0.24,0
51017,11.0,0.44,0
51019,4.5,0.18,0
51021,16.5,0.66,1
51023,6.71,0.27,0
51025,15.75,0.63,1
51027,10.4,0.42,0
51029,8.75,0.35,0
51031,1.0,0.04,0
51033,12.5,0.5,0
51035,8.0,0.32,0
51036,16.0,0.64,1
51037,17.0,0.68,1
51045,12.0,0.48,0
51047,9.5,0.38,0
51049,12.0,0.48,0
51051,16.0,0.64,1
51053,2.0,0.08,0
51057,14.67,0.59,0
51059,14.0,0.56,0
51063,5.0,0.2,0
51065,7.67,0.31,0
51067,12.75,0.51,0
51069,15.33,0.61,1
51071,14.0,0.56,0
51073,7.0,0.28,0
51075,4.43,0.18,0
51077,6.64,0.27,0
51079,8.0,0.32,0
51081,4.83,0.19,0
51083,12.5,0.5,0
51085,0.0,0.0,0
51087,7.0,0.28,0
51089,15.0,0.6,1
51091,12.75,0.51,0
51093,0.0,0.0,0
51095,11.5,0.46,0
51097,13.0,0.52,0
51099,11.5,0.46,0
51101,9.1,0.36,0
51103,15.0,0.6,1
51105,13.8,0.55,0
51107,14.0,0.56,0
51109,2.57,0.1,0
51111,12.2,0.49,0
51113,11.0,0.44,0
51115,13.0,0.52,0
51117,4.9,0.2,0
51119,8.33,0.33,0
51121,16.5,0.66,1
51125,9.8,0.39,0
51127,12.0,0.48,0
51131,12.0,0.48,0
51133,13.33,0.53,0
51135,9.5,0.38,0
51139,11.14,0.45,0
51141,16.25,0.65,1
51143,6.19,0.25,0
51145,1.5,0.06,0
51147,15.67,0.63,1
51149,15.0,0.6,1
51153,17.5,0.7,1
51155,7.0,0.28,0
51157,10.0,0.4,0
51159,13.67,0.55,0
51163,10.38,0.42,0
51165,14.0,0.56,0
51167,15.5,0.62,1
51169,12.0,0.48,0
51171,12.4,0.5,0
51173,7.86,0.31,0
51175,13.6,0.54,0
51179,14.0,0.56,0
51181,14.0,0.56,0
51183,12.83,0.51,0
51185,15.33,0.61,1
51187,9.4,0.38,0
51191,4.5,0.18,0
51193,11.5,0.46,0
51195,12.5,0.5,0
51197,10.5,0.42,0
51510,12.28,0.49,0
51520,14.0,0.56,0
51530,13.0,0.52,0
51550,7.88,0.32,0
51580,9.5,0.38,0
51590,2.44,0.1,0
51595,8.5,0.34,0
51620,13.5,0.54,0
51640,12.17,0.49,0
51650,12.27,0.49,0
51660,16.5,0.66,1
51670,19.0,0.76,1
51678,15.0,0.6,1
51680,6.2,0.25,0
51683,16.0,0.64,1
51685,16.0,0.64,1
51690,17.33,0.69,1
51700,8.15,0.33,0
51710,10.21,0.41,0
51720,16.0,0.64,1
51730,18.5,0.74,1
51740,6.4,0.26,0
51750,11.0,0.44,0
51760,5.61,0.22,0
51770,14.22,0.57,0
51800,2.5,0.1,0
51810,0.0,0.0,0
51830,16.0,0.64,1
51840,16.0,0.64,1
53001,8.33,0.33,0
53003,15.5,0.62,1
53005,9.11,0.36,0
53007,10.56,0.42,0
53009,12.43,0.5,0
53011,13.05,0.52,0
53013,11.67,0.47,0
53015,9.15,0.37,0
53017,10.6,0.42,0
53019,10.67,0.43,0
53021,11.0,0.44,0
53023,14.33,0.57,0
53025,12.38,0.5,0
53027,7.96,0.32,0
53029,4.0,0.16,0
53031,12.51,0.5,0
53033,12.04,0.48,0
53035,10.51,0.42,0
53037,4.62,0.18,0
53039,10.12,0.4,0
53041,9.28,0.37,0
53043,5.0,0.2,0
53045,13.85,0.55,0
53047,14.35,0.57,0
53049,6.67,0.27,0
53051,9.5,0.38,0
53053,13.09,0.52,0
53055,10.55,0.42,0
53057,5.3,0.21,0
53059,12.25,0.49,0
53061,9.38,0.38,0
53063,12.25,0.49,0
53065,8.48,0.34,0
53067,11.22,0.45,0
53069,7.0,0.28,0
53071,15.33,0.61,1
53073,12.12,0.48,0
53075,14.0,0.56,0
53077,11.59,0.46,0
54001,11.0,0.44,0
54003,9.2,0.37,0
54005,11.0,0.44,0
54007,15.33,0.61,1
54009,15.0,0.6,1
54011,10.0,0.4,0
54013,12.0,0.48,0
54015,9.33,0.37,0
54017,6.0,0.24,0
54019,5.5,0.22,0
54021,12.0,0.48,0
54023,6.83,0.27,0
54025,8.88,0.36,0
54027,7.62,0.3,0
54029,6.6,0.26,0
54031,4.5,0.18,0
54033,3.5,0.14,0
54035,13.25,0.53,0
54037,6.0,0.24,0
54039,3.27,0.13,0
54041,7.5,0.3,0
54043,14.67,0.59,0
54045,14.38,0.57,0
54047,18.22,0.73,1
54049,7.25,0.29,0
54051,12.33,0.49,0
54053,4.5,0.18,0
54055,14.5,0.58,0
54057,5.17,0.21,0
54059,9.75,0.39,0
54061,10.2,0.41,0
54063,13.8,0.55,0
54065,6.15,0.25,0
54067,5.08,0.2,0
54069,10.5,0.42,0
54071,8.0,0.32,0
54073,7.0,0.28,0
54075,3.38,0.14,0
54077,3.29,0.13,0
54079,5.0,0.2,0
54081,7.62,0.3,0
54083,1.86,0.07,0
54085,6.17,0.25,0
54087,16.1,0.64,1
54089,12.0,0.48,0
54091,12.5,0.5,0
54093,9.33,0.37,0
54095,13.6,0.54,0
54097,16.75,0.67,1
54099,3.4,0.14,0
54101,18.75,0.75,1
54103,12.2,0.49,0
54105,14.75,0.59,0
54107,14.5,0.58,0
54109,18.12,0.72,1
55001,15.5,0.62,1
55003,5.47,0.22,0
55005,5.38,0.22,0
55007,6.06,0.24,0
55009,11.36,0.45,0
55011,6.8,0.27,0
55013,14.5,0.58,0
55015,9.38,0.38,0
55017,10.53,0.42,0
55019,13.14,0.53,0
55021,0.66,0.03,0
55023,0.91,0.04,0
55025,12.73,0.51,0
55027,7.71,0.31,0
55029,2.44,0.1,0
55031,11.44,0.46,0
55033,4.05,0.16,0
55035,2.62,0.1,0
55037,3.4,0.14,0
55039,5.2,0.21,0
55041,2.0,0.08,0
55043,3.34,0.13,0
55045,2.33,0.09,0
55047,6.46,0.26,0
55049,2.15,0.09,0
55051,3.85,0.15,0
55053,3.6,0.14,0
55055,4.35,0.17,0
55057,3.06,0.12,0
55059,16.28,0.65,1
55061,3.44,0.14,0
55063,2.43,0.1,0
55065,3.05,0.12,0
55067,9.12,0.36,0
55069,0.0,0.0,0
55071,6.36,0.25,0
55073,8.78,0.35,0
55075,1.72,0.07,0
55077,1.75,0.07,0
55078,11.75,0.47,0
55079,10.0,0.4,0
55081,7.33,0.29,0
55083,11.7,0.47,0
55085,5.13,0.21,0
55087,13.0,0.52,0
55091,4.04,0.16,0
55093,1.69,0.07,0
55095,6.81,0.27,0
55097,4.5,0.18,0
55099,4.74,0.19,0
55101,10.81,0.43,0
55103,3.4,0.14,0
55105,4.43,0.18,0
55107,15.0,0.6,1
55109,4.36,0.17,0
55111,3.3,0.13,0
55113,3.0,0.12,0
55115,2.79,0.11,0
55117,8.43,0.34,0
55119,2.73,0.11,0
55121,4.98,0.2,0
55123,2.62,0.1,0
55125,7.84,0.31,0
55127,8.4,0.34,0
55129,4.89,0.2,0
55133,10.0,0.4,0
55135,2.89,0.12,0
55137,2.76,0.11,0
55139,3.0,0.12,0
55141,12.14,0.49,0
56001,13.0,0.52,0
56003,11.2,0.45,0
56005,12.0,0.48,0
56007,6.0,0.24,0
56009,12.0,0.48,0
56011,10.33,0.41,0
56013,12.58,0.5,0
56015,13.33,0.53,0
56017,9.33,0.37,0
56019,3.5,0.14,0
56021,15.92,0.64,1
56023,7.6,0.3,0
56025,6.0,0.24,0
56027,14.5,0.58,0
56029,13.5,0.54,0
56031,4.22,0.17,0
56033,13.0,0.52,0
56035,4.25,0.17,0
56037,6.83,0.27,0
56041,9.38,0.38,0
56043,10.4,0.42,0
56045,4.67,0.19,0
60010,22.0,0.88,1
60020,22.0,0.88,1
60030,22.0,0.88,1
60040,22.0,0.88,1
60050,21.0,0.84,1
64002,22.5,0.9,1
64005,18.75,0.75,1
64040,24.0,0.96,1
64060,24.0,0.96,1
66010,12.12,0.48,0
68007,25.0,1.0,1
68010,25.0,1.0,1
68030,25.0,1.0,1
68040,25.0,1.0,1
68050,25.0,1.0,1
68060,25.0,1.0,1
68070,25.0,1.0,1
68080,25.0,1.0,1
68090,25.0,1.0,1
68100,25.0,1.0,1
68110,25.0,1.0,1
68120,25.0,1.0,1
68130,25.0,1.0,1
68150,25.0,1.0,1
68160,25.0,1.0,1
68170,25.0,1.0,1
68180,25.0,1.0,1
68190,25.0,1.0,1
68300,25.0,1.0,1
68310,25.0,1.0,1
68320,25.0,1.0,1
68330,25.0,1.0,1
68340,25.0,1.0,1
68350,25.0,1.0,1
68360,25.0,1.0,1
68385,25.0,1.0,1
68390,25.0,1.0,1
68400,25.0,1.0,1
68410,25.0,1.0,1
68420,25.0,1.0,1
68430,25.0,1.0,1
69085,16.0,0.64,1
69100,16.0,0.64,1
69110,16.5,0.66,1
69120,16.0,0.64,1
70002,12.0,0.48,0
70004,12.0,0.48,0
70010,12.0,0.48,0
70050,12.0,0.48,0
70100,12.0,0.48,0
70150,16.0,0.64,1
70212,12.0,0.48,0
70214,12.0,0.48,0
70218,12.0,0.48,0
70222,12.0,0.48,0
70224,12.0,0.48,0
70226,12.0,0.48,0
70227,12.0,0.48,0
70228,12.0,0.48,0
70350,12.0,0.48,0
70370,12.0,0.48,0
72001,6.2,0.25,0
72003,10.67,0.43,0
72005,5.33,0.21,0
72007,5.0,0.2,0
72009,0.0,0.0,0
72011,11.0,0.44,0
72013,8.5,0.34,0
72015,10.25,0.41,0
72017,7.5,0.3,0
72019,0.0,0.0,0
72021,17.0,0.68,1
72023,8.0,0.32,0
72025,8.2,0.33,0
72027,10.75,0.43,0
72029,7.33,0.29,0
72033,6.2,0.25,0
72035,0.0,0.0,0
72037,3.75,0.15,0
72039,9.67,0.39,0
72041,3.25,0.13,0
72043,0.0,0.0,0
72045,0.0,0.0,0
72047,0.0,0.0,0
72049,6.5,0.26,0
72051,0.0,0.0,0
72053,3.75,0.15,0
72054,17.0,0.68,1
72055,0.0,0.0,0
72057,0.0,0.0,0
72059,4.25,0.17,0
72061,4.0,0.16,0
72063,3.75,0.15,0
72065,10.75,0.43,0
72067,8.0,0.32,0
72069,6.0,0.24,0
72071,4.0,0.16,0
72073,11.33,0.45,0
72075,0.0,0.0,0
72077,0.0,0.0,0
72079,5.33,0.21,0
72081,14.33,0.57,0
72083,10.6,0.42,0
72085,9.0,0.36,0
72087,7.0,0.28,0
72089,9.0,0.36,0
72091,8.5,0.34,0
72093,18.67,0.75,1
72095,3.67,0.15,0
72097,11.5,0.46,0
72099,5.6,0.22,0
72101,9.67,0.39,0
72103,8.6,0.34,0
72105,11.0,0.44,0
72107,8.0,0.32,0
72109,9.25,0.37,0
72111,4.25,0.17,0
72113,1.67,0.07,0
72115,0.0,0.0,0
72117,11.25,0.45,0
72119,7.2,0.29,0
72121,0.0,0.0,0
72123,0.0,0.0,0
72125,5.33,0.21,0
72127,3.0,0.12,0
72129,8.25,0.33,0
72131,8.25,0.33,0
72133,3.5,0.14,0
72135,4.67,0.19,0
72137,0.0,0.0,0
72139,0.0,0.0,0
72141,5.67,0.23,0
72143,0.0,0.0,0
72145,0.0,0.0,0
72147,11.5,0.46,0
72149,4.67,0.19,0
72151,6.0,0.24,0
72153,4.25,0.17,0
78010,11.25,0.45,0
78020,15.5,0.62,1
78030,8.43,0.34,0
